rank,model,terminal authority class,execution host,evaluation start,evaluation end,Rank IC,HAC lower,HAC upper,Pearson IC,NDCG,NDCG@20,directional accuracy,hit rate,annual return,annual volatility,Sharpe,cumulative return,maximum drawdown,win rate,turnover,total estimated costs,cost classification,resolved rows,OOF rows,source path,source SHA,scientific acceptance,comparability class,missing_metric_reason
1,huber,CURRENT_DS24_TERMINAL_V3,DELL,2016-02-02T14:35:00+00:00,2026-06-30T19:00:00+00:00,0.5023150228928017,0.5006995950985389,0.5039304506870645,,,,,0.9738527214514408,0.9964717113372477,0.10856706868311893,9.17839749588992,1560.6235653754982,-0.010197421011264862,0.9738527214514408,0.4861027888877411,0.0,ZERO_COST_ECONOMICS,203271,,docs/dream_system/components/DS-24_independent_five_minute_selector/stage_outputs/ds24_p8_r14_e3g_c2_20260824T000000Z/r7_r14_policy_workers/huber/metrics_only_v3_r37_huber_replay/resolved_performance_summary_v3.json,6e2c3d8374453dede892b72a5d1b0d714db008b5961ab3a4f38ef79572f84604,ACCEPTED_FINAL,DIRECTLY_COMPARABLE_V3_COMMON_WINDOW,"{""NDCG"": ""NOT_CALCULATED_BY_SELECTED_TERMINAL_AUTHORITY"", ""NDCG@20"": ""NOT_CALCULATED_BY_SELECTED_TERMINAL_AUTHORITY"", ""Pearson IC"": ""NOT_CALCULATED_BY_SELECTED_TERMINAL_AUTHORITY"", ""directional accuracy"": ""NOT_CALCULATED_BY_SELECTED_TERMINAL_AUTHORITY""}"
2,elastic_net,CURRENT_DS24_TERMINAL_V3,DELL,2025-04-02T13:35:00+00:00,2026-06-30T19:00:00+00:00,0.4632185165883415,0.4581371813856948,0.4682998517909882,,,,,0.9743589743589743,1.4983844449054737,0.1836165502039565,8.160399720183758,2.9457300801370416,-0.0009051097625262239,0.9743589743589743,0.44120416253716555,0.0,ZERO_COST_ECONOMICS,24216,,docs/dream_system/components/DS-24_independent_five_minute_selector/stage_outputs/ds24_p8_r14_e3g_c2_20260824T000000Z/r7_r14_policy_workers/elastic_net/metrics_only_v3_r40_elastic_net/resolved_performance_summary_v3.json,b31417b9b6165143cf6c5084f10d7b5a4e62fcf2922af47b95603cf060b7128d,ACCEPTED_FINAL,V3_DIFFERENT_EVALUATION_WINDOWS,"{""NDCG"": ""NOT_CALCULATED_BY_SELECTED_TERMINAL_AUTHORITY"", ""NDCG@20"": ""NOT_CALCULATED_BY_SELECTED_TERMINAL_AUTHORITY"", ""Pearson IC"": ""NOT_CALCULATED_BY_SELECTED_TERMINAL_AUTHORITY"", ""directional accuracy"": ""NOT_CALCULATED_BY_SELECTED_TERMINAL_AUTHORITY""}"
3,lightgbm_rank_xendcg,CURRENT_DS24_IMPORTED_MAC_TERMINAL,MAC,2016-01-05T14:35:00+00:00,2024-12-31T20:00:00+00:00,0.250646544554,,,0.247020330954,0.228239431375,0.228239431375,0.580621053511,0.70376272687,1.774883897978,0.134117984278,13.233750175466,,-0.029690054964,,,,COST_INFORMATION_ABSENT,2262,1150792,docs/dream_system/components/DS-24_independent_five_minute_selector/stage_outputs/ds24_p8_r14_e3g_c2_20260824T000000Z/R47A_xendcg_import_authority.json,e2fdb969741605232f2f80f905219efdf070de191f6a22860a02aa0ef26d9db6,ACCEPTED_IMPORTED_FINAL,MAC_IMPORTED_DIFFERENT_EXECUTION_HOST,"{""HAC lower"": ""NOT_CALCULATED_BY_SELECTED_TERMINAL_AUTHORITY"", ""HAC upper"": ""NOT_CALCULATED_BY_SELECTED_TERMINAL_AUTHORITY"", ""cumulative return"": ""NOT_CALCULATED_BY_SELECTED_TERMINAL_AUTHORITY"", ""total estimated costs"": ""NOT_CALCULATED_BY_SELECTED_TERMINAL_AUTHORITY"", ""turnover"": ""NOT_CALCULATED_BY_SELECTED_TERMINAL_AUTHORITY"", ""win rate"": ""NOT_CALCULATED_BY_SELECTED_TERMINAL_AUTHORITY""}"
4,rff_ridge,CURRENT_DS24_TERMINAL_V3,DELL,2016-02-02T14:35:00+00:00,2026-06-30T19:00:00+00:00,0.03431086029850828,0.03353270317388391,0.03508901742313265,,,,,0.6176129779837776,0.052542661888421924,0.030543018197877327,1.720283881180856,0.7074356820929271,-0.03629523046963268,0.6176129779837776,0.9521087612104044,0.0,ZERO_COST_ECONOMICS,203271,,docs/dream_system/components/DS-24_independent_five_minute_selector/stage_outputs/ds24_p8_r14_e3g_c2_20260824T000000Z/r7_r14_policy_workers/rff_ridge/metrics_only_v3_r37_rff_retry/resolved_performance_summary_v3.json,87c7004430c8ebee24072f1b0dff3419c33c89eea154daf2db5ce7f33e31045b,ACCEPTED_FINAL,DIRECTLY_COMPARABLE_V3_COMMON_WINDOW,"{""NDCG"": ""NOT_CALCULATED_BY_SELECTED_TERMINAL_AUTHORITY"", ""NDCG@20"": ""NOT_CALCULATED_BY_SELECTED_TERMINAL_AUTHORITY"", ""Pearson IC"": ""NOT_CALCULATED_BY_SELECTED_TERMINAL_AUTHORITY"", ""directional accuracy"": ""NOT_CALCULATED_BY_SELECTED_TERMINAL_AUTHORITY""}"
5,DLinear,DLINEAR_MAC_TERMINAL_RESULT_REQUIRES_TRANSFER,MAC,,,,,,,,,,,,,,,,,,,NOT_APPLICABLE,,,,,MAC_TERMINAL_AUTHORITY_NOT_LOCAL,NO_TERMINAL_LOCAL_AUTHORITY,"{""HAC lower"": ""TERMINAL_AUTHORITY_NOT_LOCALLY_AVAILABLE_OR_TRANSFER_REQUIRED"", ""HAC upper"": ""TERMINAL_AUTHORITY_NOT_LOCALLY_AVAILABLE_OR_TRANSFER_REQUIRED"", ""NDCG"": ""TERMINAL_AUTHORITY_NOT_LOCALLY_AVAILABLE_OR_TRANSFER_REQUIRED"", ""NDCG@20"": ""TERMINAL_AUTHORITY_NOT_LOCALLY_AVAILABLE_OR_TRANSFER_REQUIRED"", ""Pearson IC"": ""TERMINAL_AUTHORITY_NOT_LOCALLY_AVAILABLE_OR_TRANSFER_REQUIRED"", ""Rank IC"": ""TERMINAL_AUTHORITY_NOT_LOCALLY_AVAILABLE_OR_TRANSFER_REQUIRED"", ""Sharpe"": ""TERMINAL_AUTHORITY_NOT_LOCALLY_AVAILABLE_OR_TRANSFER_REQUIRED"", ""annual return"": ""TERMINAL_AUTHORITY_NOT_LOCALLY_AVAILABLE_OR_TRANSFER_REQUIRED"", ""annual volatility"": ""TERMINAL_AUTHORITY_NOT_LOCALLY_AVAILABLE_OR_TRANSFER_REQUIRED"", ""cumulative return"": ""TERMINAL_AUTHORITY_NOT_LOCALLY_AVAILABLE_OR_TRANSFER_REQUIRED"", ""directional accuracy"": ""TERMINAL_AUTHORITY_NOT_LOCALLY_AVAILABLE_OR_TRANSFER_REQUIRED"", ""hit rate"": ""TERMINAL_AUTHORITY_NOT_LOCALLY_AVAILABLE_OR_TRANSFER_REQUIRED"", ""maximum drawdown"": ""TERMINAL_AUTHORITY_NOT_LOCALLY_AVAILABLE_OR_TRANSFER_REQUIRED"", ""total estimated costs"": ""TERMINAL_AUTHORITY_NOT_LOCALLY_AVAILABLE_OR_TRANSFER_REQUIRED"", ""turnover"": ""TERMINAL_AUTHORITY_NOT_LOCALLY_AVAILABLE_OR_TRANSFER_REQUIRED"", ""win rate"": ""TERMINAL_AUTHORITY_NOT_LOCALLY_AVAILABLE_OR_TRANSFER_REQUIRED""}"
6,extra_trees,LOCAL_PARTIAL_PROGRESS_ONLY_NO_TERMINAL_AUTHORITY,DELL,,,,,,,,,,,,,,,,,,,NOT_APPLICABLE,,,,,TERMINAL_AUTHORITY_NOT_LOCAL,PARTIAL_WINDOW_NOT_TERMINAL,"{""HAC lower"": ""TERMINAL_AUTHORITY_NOT_LOCALLY_AVAILABLE_OR_TRANSFER_REQUIRED"", ""HAC upper"": ""TERMINAL_AUTHORITY_NOT_LOCALLY_AVAILABLE_OR_TRANSFER_REQUIRED"", ""NDCG"": ""TERMINAL_AUTHORITY_NOT_LOCALLY_AVAILABLE_OR_TRANSFER_REQUIRED"", ""NDCG@20"": ""TERMINAL_AUTHORITY_NOT_LOCALLY_AVAILABLE_OR_TRANSFER_REQUIRED"", ""Pearson IC"": ""TERMINAL_AUTHORITY_NOT_LOCALLY_AVAILABLE_OR_TRANSFER_REQUIRED"", ""Rank IC"": ""TERMINAL_AUTHORITY_NOT_LOCALLY_AVAILABLE_OR_TRANSFER_REQUIRED"", ""Sharpe"": ""TERMINAL_AUTHORITY_NOT_LOCALLY_AVAILABLE_OR_TRANSFER_REQUIRED"", ""annual return"": ""TERMINAL_AUTHORITY_NOT_LOCALLY_AVAILABLE_OR_TRANSFER_REQUIRED"", ""annual volatility"": ""TERMINAL_AUTHORITY_NOT_LOCALLY_AVAILABLE_OR_TRANSFER_REQUIRED"", ""cumulative return"": ""TERMINAL_AUTHORITY_NOT_LOCALLY_AVAILABLE_OR_TRANSFER_REQUIRED"", ""directional accuracy"": ""TERMINAL_AUTHORITY_NOT_LOCALLY_AVAILABLE_OR_TRANSFER_REQUIRED"", ""hit rate"": ""TERMINAL_AUTHORITY_NOT_LOCALLY_AVAILABLE_OR_TRANSFER_REQUIRED"", ""maximum drawdown"": ""TERMINAL_AUTHORITY_NOT_LOCALLY_AVAILABLE_OR_TRANSFER_REQUIRED"", ""total estimated costs"": ""TERMINAL_AUTHORITY_NOT_LOCALLY_AVAILABLE_OR_TRANSFER_REQUIRED"", ""turnover"": ""TERMINAL_AUTHORITY_NOT_LOCALLY_AVAILABLE_OR_TRANSFER_REQUIRED"", ""win rate"": ""TERMINAL_AUTHORITY_NOT_LOCALLY_AVAILABLE_OR_TRANSFER_REQUIRED""}"
7,gradient_boosting,TERMINAL_AUTHORITY_NOT_LOCAL,DELL,,,,,,,,,,,,,,,,,,,NOT_APPLICABLE,,,,,TERMINAL_AUTHORITY_NOT_LOCAL,NO_TERMINAL_LOCAL_AUTHORITY,"{""HAC lower"": ""TERMINAL_AUTHORITY_NOT_LOCALLY_AVAILABLE_OR_TRANSFER_REQUIRED"", ""HAC upper"": ""TERMINAL_AUTHORITY_NOT_LOCALLY_AVAILABLE_OR_TRANSFER_REQUIRED"", ""NDCG"": ""TERMINAL_AUTHORITY_NOT_LOCALLY_AVAILABLE_OR_TRANSFER_REQUIRED"", ""NDCG@20"": ""TERMINAL_AUTHORITY_NOT_LOCALLY_AVAILABLE_OR_TRANSFER_REQUIRED"", ""Pearson IC"": ""TERMINAL_AUTHORITY_NOT_LOCALLY_AVAILABLE_OR_TRANSFER_REQUIRED"", ""Rank IC"": ""TERMINAL_AUTHORITY_NOT_LOCALLY_AVAILABLE_OR_TRANSFER_REQUIRED"", ""Sharpe"": ""TERMINAL_AUTHORITY_NOT_LOCALLY_AVAILABLE_OR_TRANSFER_REQUIRED"", ""annual return"": ""TERMINAL_AUTHORITY_NOT_LOCALLY_AVAILABLE_OR_TRANSFER_REQUIRED"", ""annual volatility"": ""TERMINAL_AUTHORITY_NOT_LOCALLY_AVAILABLE_OR_TRANSFER_REQUIRED"", ""cumulative return"": ""TERMINAL_AUTHORITY_NOT_LOCALLY_AVAILABLE_OR_TRANSFER_REQUIRED"", ""directional accuracy"": ""TERMINAL_AUTHORITY_NOT_LOCALLY_AVAILABLE_OR_TRANSFER_REQUIRED"", ""hit rate"": ""TERMINAL_AUTHORITY_NOT_LOCALLY_AVAILABLE_OR_TRANSFER_REQUIRED"", ""maximum drawdown"": ""TERMINAL_AUTHORITY_NOT_LOCALLY_AVAILABLE_OR_TRANSFER_REQUIRED"", ""total estimated costs"": ""TERMINAL_AUTHORITY_NOT_LOCALLY_AVAILABLE_OR_TRANSFER_REQUIRED"", ""turnover"": ""TERMINAL_AUTHORITY_NOT_LOCALLY_AVAILABLE_OR_TRANSFER_REQUIRED"", ""win rate"": ""TERMINAL_AUTHORITY_NOT_LOCALLY_AVAILABLE_OR_TRANSFER_REQUIRED""}"
8,lightgbm_lambdarank,LAMBDARANK_MAC_TERMINAL_RESULT_REQUIRES_TRANSFER,MAC,,,,,,,,,,,,,,,,,,,NOT_APPLICABLE,,,,,MAC_TERMINAL_AUTHORITY_NOT_LOCAL,NO_TERMINAL_LOCAL_AUTHORITY,"{""HAC lower"": ""TERMINAL_AUTHORITY_NOT_LOCALLY_AVAILABLE_OR_TRANSFER_REQUIRED"", ""HAC upper"": ""TERMINAL_AUTHORITY_NOT_LOCALLY_AVAILABLE_OR_TRANSFER_REQUIRED"", ""NDCG"": ""TERMINAL_AUTHORITY_NOT_LOCALLY_AVAILABLE_OR_TRANSFER_REQUIRED"", ""NDCG@20"": ""TERMINAL_AUTHORITY_NOT_LOCALLY_AVAILABLE_OR_TRANSFER_REQUIRED"", ""Pearson IC"": ""TERMINAL_AUTHORITY_NOT_LOCALLY_AVAILABLE_OR_TRANSFER_REQUIRED"", ""Rank IC"": ""TERMINAL_AUTHORITY_NOT_LOCALLY_AVAILABLE_OR_TRANSFER_REQUIRED"", ""Sharpe"": ""TERMINAL_AUTHORITY_NOT_LOCALLY_AVAILABLE_OR_TRANSFER_REQUIRED"", ""annual return"": ""TERMINAL_AUTHORITY_NOT_LOCALLY_AVAILABLE_OR_TRANSFER_REQUIRED"", ""annual volatility"": ""TERMINAL_AUTHORITY_NOT_LOCALLY_AVAILABLE_OR_TRANSFER_REQUIRED"", ""cumulative return"": ""TERMINAL_AUTHORITY_NOT_LOCALLY_AVAILABLE_OR_TRANSFER_REQUIRED"", ""directional accuracy"": ""TERMINAL_AUTHORITY_NOT_LOCALLY_AVAILABLE_OR_TRANSFER_REQUIRED"", ""hit rate"": ""TERMINAL_AUTHORITY_NOT_LOCALLY_AVAILABLE_OR_TRANSFER_REQUIRED"", ""maximum drawdown"": ""TERMINAL_AUTHORITY_NOT_LOCALLY_AVAILABLE_OR_TRANSFER_REQUIRED"", ""total estimated costs"": ""TERMINAL_AUTHORITY_NOT_LOCALLY_AVAILABLE_OR_TRANSFER_REQUIRED"", ""turnover"": ""TERMINAL_AUTHORITY_NOT_LOCALLY_AVAILABLE_OR_TRANSFER_REQUIRED"", ""win rate"": ""TERMINAL_AUTHORITY_NOT_LOCALLY_AVAILABLE_OR_TRANSFER_REQUIRED""}"
9,mlp,LOCAL_PARTIAL_PROGRESS_ONLY_NO_TERMINAL_AUTHORITY,DELL,,,,,,,,,,,,,,,,,,,NOT_APPLICABLE,,,,,TERMINAL_AUTHORITY_NOT_LOCAL,PARTIAL_WINDOW_NOT_TERMINAL,"{""HAC lower"": ""TERMINAL_AUTHORITY_NOT_LOCALLY_AVAILABLE_OR_TRANSFER_REQUIRED"", ""HAC upper"": ""TERMINAL_AUTHORITY_NOT_LOCALLY_AVAILABLE_OR_TRANSFER_REQUIRED"", ""NDCG"": ""TERMINAL_AUTHORITY_NOT_LOCALLY_AVAILABLE_OR_TRANSFER_REQUIRED"", ""NDCG@20"": ""TERMINAL_AUTHORITY_NOT_LOCALLY_AVAILABLE_OR_TRANSFER_REQUIRED"", ""Pearson IC"": ""TERMINAL_AUTHORITY_NOT_LOCALLY_AVAILABLE_OR_TRANSFER_REQUIRED"", ""Rank IC"": ""TERMINAL_AUTHORITY_NOT_LOCALLY_AVAILABLE_OR_TRANSFER_REQUIRED"", ""Sharpe"": ""TERMINAL_AUTHORITY_NOT_LOCALLY_AVAILABLE_OR_TRANSFER_REQUIRED"", ""annual return"": ""TERMINAL_AUTHORITY_NOT_LOCALLY_AVAILABLE_OR_TRANSFER_REQUIRED"", ""annual volatility"": ""TERMINAL_AUTHORITY_NOT_LOCALLY_AVAILABLE_OR_TRANSFER_REQUIRED"", ""cumulative return"": ""TERMINAL_AUTHORITY_NOT_LOCALLY_AVAILABLE_OR_TRANSFER_REQUIRED"", ""directional accuracy"": ""TERMINAL_AUTHORITY_NOT_LOCALLY_AVAILABLE_OR_TRANSFER_REQUIRED"", ""hit rate"": ""TERMINAL_AUTHORITY_NOT_LOCALLY_AVAILABLE_OR_TRANSFER_REQUIRED"", ""maximum drawdown"": ""TERMINAL_AUTHORITY_NOT_LOCALLY_AVAILABLE_OR_TRANSFER_REQUIRED"", ""total estimated costs"": ""TERMINAL_AUTHORITY_NOT_LOCALLY_AVAILABLE_OR_TRANSFER_REQUIRED"", ""turnover"": ""TERMINAL_AUTHORITY_NOT_LOCALLY_AVAILABLE_OR_TRANSFER_REQUIRED"", ""win rate"": ""TERMINAL_AUTHORITY_NOT_LOCALLY_AVAILABLE_OR_TRANSFER_REQUIRED""}"
10,pca_ridge_policy_v1_control,CURRENT_DS24_TERMINAL_LEGACY,DELL,2020-05-11T18:50:00+00:00,2026-06-30T19:00:00+00:00,,,,,,,,0.9008409689971131,2.0349353801547028,0.1006575950244548,20.216411684188504,17821.186229345894,-0.01149796825103322,0.9008409689971131,0.3313794401907871,0.0,ZERO_COST_ECONOMICS,7967,,docs/dream_system/components/DS-24_independent_five_minute_selector/stage_outputs/ds24_p8_r14_e3g_c2_20260824T000000Z/r7_r14_policy_workers/pca_ridge_policy_v1_control/r31_performance_summary.json,4a87fa2d2d4b55311f80474cebd12c0f5eb61600a13f867051b5e87e5b9fdab6,QUARANTINED_AFTER_COMPLETION,LEGACY_QUARANTINED_NOT_ACCEPTED_LEADERBOARD,"{""HAC lower"": ""NOT_CALCULATED_BY_SELECTED_TERMINAL_AUTHORITY"", ""HAC upper"": ""NOT_CALCULATED_BY_SELECTED_TERMINAL_AUTHORITY"", ""NDCG"": ""NOT_CALCULATED_BY_SELECTED_TERMINAL_AUTHORITY"", ""NDCG@20"": ""NOT_CALCULATED_BY_SELECTED_TERMINAL_AUTHORITY"", ""Pearson IC"": ""NOT_CALCULATED_BY_SELECTED_TERMINAL_AUTHORITY"", ""Rank IC"": ""NOT_CALCULATED_BY_SELECTED_TERMINAL_AUTHORITY"", ""directional accuracy"": ""NOT_CALCULATED_BY_SELECTED_TERMINAL_AUTHORITY""}"
11,random_forest,LOCAL_PARTIAL_PROGRESS_ONLY_NO_TERMINAL_AUTHORITY,DELL,,,,,,,,,,,,,,,,,,,NOT_APPLICABLE,,,,,TERMINAL_AUTHORITY_NOT_LOCAL,PARTIAL_WINDOW_NOT_TERMINAL,"{""HAC lower"": ""TERMINAL_AUTHORITY_NOT_LOCALLY_AVAILABLE_OR_TRANSFER_REQUIRED"", ""HAC upper"": ""TERMINAL_AUTHORITY_NOT_LOCALLY_AVAILABLE_OR_TRANSFER_REQUIRED"", ""NDCG"": ""TERMINAL_AUTHORITY_NOT_LOCALLY_AVAILABLE_OR_TRANSFER_REQUIRED"", ""NDCG@20"": ""TERMINAL_AUTHORITY_NOT_LOCALLY_AVAILABLE_OR_TRANSFER_REQUIRED"", ""Pearson IC"": ""TERMINAL_AUTHORITY_NOT_LOCALLY_AVAILABLE_OR_TRANSFER_REQUIRED"", ""Rank IC"": ""TERMINAL_AUTHORITY_NOT_LOCALLY_AVAILABLE_OR_TRANSFER_REQUIRED"", ""Sharpe"": ""TERMINAL_AUTHORITY_NOT_LOCALLY_AVAILABLE_OR_TRANSFER_REQUIRED"", ""annual return"": ""TERMINAL_AUTHORITY_NOT_LOCALLY_AVAILABLE_OR_TRANSFER_REQUIRED"", ""annual volatility"": ""TERMINAL_AUTHORITY_NOT_LOCALLY_AVAILABLE_OR_TRANSFER_REQUIRED"", ""cumulative return"": ""TERMINAL_AUTHORITY_NOT_LOCALLY_AVAILABLE_OR_TRANSFER_REQUIRED"", ""directional accuracy"": ""TERMINAL_AUTHORITY_NOT_LOCALLY_AVAILABLE_OR_TRANSFER_REQUIRED"", ""hit rate"": ""TERMINAL_AUTHORITY_NOT_LOCALLY_AVAILABLE_OR_TRANSFER_REQUIRED"", ""maximum drawdown"": ""TERMINAL_AUTHORITY_NOT_LOCALLY_AVAILABLE_OR_TRANSFER_REQUIRED"", ""total estimated costs"": ""TERMINAL_AUTHORITY_NOT_LOCALLY_AVAILABLE_OR_TRANSFER_REQUIRED"", ""turnover"": ""TERMINAL_AUTHORITY_NOT_LOCALLY_AVAILABLE_OR_TRANSFER_REQUIRED"", ""win rate"": ""TERMINAL_AUTHORITY_NOT_LOCALLY_AVAILABLE_OR_TRANSFER_REQUIRED""}"
12,ridge_policy_v1_control,CURRENT_DS24_TERMINAL_LEGACY,DELL,2024-12-31T14:45:00+00:00,2026-06-30T19:00:00+00:00,,,,,,,,0.9122556032427277,2.0572673227986673,0.08912976924197137,23.081708168833632,8.240337118474502,-0.010945719316595603,0.9122556032427277,0.2656175488793515,0.0,ZERO_COST_ECONOMICS,2097,,docs/dream_system/components/DS-24_independent_five_minute_selector/stage_outputs/ds24_p8_r14_e3g_c2_20260824T000000Z/r7_r14_policy_workers/ridge_policy_v1_control/r31_performance_summary.json,be79de7331fdd53291393ff8025f4d86fb3ffb80009f58af43f5876a1da8015b,QUARANTINED_AFTER_COMPLETION,LEGACY_QUARANTINED_NOT_ACCEPTED_LEADERBOARD,"{""HAC lower"": ""NOT_CALCULATED_BY_SELECTED_TERMINAL_AUTHORITY"", ""HAC upper"": ""NOT_CALCULATED_BY_SELECTED_TERMINAL_AUTHORITY"", ""NDCG"": ""NOT_CALCULATED_BY_SELECTED_TERMINAL_AUTHORITY"", ""NDCG@20"": ""NOT_CALCULATED_BY_SELECTED_TERMINAL_AUTHORITY"", ""Pearson IC"": ""NOT_CALCULATED_BY_SELECTED_TERMINAL_AUTHORITY"", ""Rank IC"": ""NOT_CALCULATED_BY_SELECTED_TERMINAL_AUTHORITY"", ""directional accuracy"": ""NOT_CALCULATED_BY_SELECTED_TERMINAL_AUTHORITY""}"
13,spline_additive_ridge,CURRENT_DS24_TERMINAL_LEGACY,DELL,2025-04-02T14:20:00+00:00,2026-06-29T15:35:00+00:00,,,,,,,,0.5436283741368487,0.09568501626986059,0.07626645429139145,1.2546147209660041,0.07561165287977722,-0.05381530962317005,0.5436283741368487,0.4034839924670435,0.0,ZERO_COST_ECONOMICS,1593,,docs/dream_system/components/DS-24_independent_five_minute_selector/stage_outputs/ds24_p8_r14_e3g_c2_20260824T000000Z/r7_r14_policy_workers/spline_additive_ridge/r31_performance_summary.json,04aa89388495eb00ee8c6c1b3abd55fc90bf3a3b37b269fbf4a3bd2184907e7b,QUARANTINED_AFTER_COMPLETION,LEGACY_QUARANTINED_NOT_ACCEPTED_LEADERBOARD,"{""HAC lower"": ""NOT_CALCULATED_BY_SELECTED_TERMINAL_AUTHORITY"", ""HAC upper"": ""NOT_CALCULATED_BY_SELECTED_TERMINAL_AUTHORITY"", ""NDCG"": ""NOT_CALCULATED_BY_SELECTED_TERMINAL_AUTHORITY"", ""NDCG@20"": ""NOT_CALCULATED_BY_SELECTED_TERMINAL_AUTHORITY"", ""Pearson IC"": ""NOT_CALCULATED_BY_SELECTED_TERMINAL_AUTHORITY"", ""Rank IC"": ""NOT_CALCULATED_BY_SELECTED_TERMINAL_AUTHORITY"", ""directional accuracy"": ""NOT_CALCULATED_BY_SELECTED_TERMINAL_AUTHORITY""}"
