observed_symbol,security_id,identity_state,ever_ds03_included,anchor_overlap_symbol,disposition
A,t62_sec_3d7fde59864c23ba7e50,IDENTITY_LIMITED,True,True,ANCHOR_OVERLAP
AA,t62_sec_e73098481cd9b161f266,IDENTITY_LIMITED,True,True,ANCHOR_OVERLAP
AAON,t62_sec_87f4b8a7a6889441880e,IDENTITY_LIMITED,True,True,ANCHOR_OVERLAP
AAP,t62_sec_c805b1ade4d273372fdf,IDENTITY_LIMITED,False,False,PARTIAL_DS03_AUTHORITY_PRESENT
AAPL,t62_sec_4339b759015c5ce62486,IDENTITY_LIMITED,True,True,ANCHOR_OVERLAP
AB,t62_sec_6663533e35775586adfa,IDENTITY_LIMITED,True,False,PARTIAL_DS03_AUTHORITY_PRESENT
ABBV,t62_sec_b4fd7daefdd2df53b0fb,IDENTITY_LIMITED,False,False,PARTIAL_DS03_AUTHORITY_PRESENT
ABCB,t62_sec_1e84460f78f6fc5e93c7,IDENTITY_LIMITED,True,False,PARTIAL_DS03_AUTHORITY_PRESENT
ABG,t62_sec_55e001c3c623cfb069e7,IDENTITY_LIMITED,True,False,PARTIAL_DS03_AUTHORITY_PRESENT
ABM,t62_sec_5ceceebf38979b974c91,IDENTITY_LIMITED,True,False,PARTIAL_DS03_AUTHORITY_PRESENT
ABR,t62_sec_58622ad3b62312d9df5f,IDENTITY_LIMITED,True,False,PARTIAL_DS03_AUTHORITY_PRESENT
ABT,t62_sec_019684ec886b076bba61,IDENTITY_LIMITED,False,False,PARTIAL_DS03_AUTHORITY_PRESENT
ACGL,t62_sec_5980dd1e8e68e7e0d03a,IDENTITY_LIMITED,True,True,ANCHOR_OVERLAP
ACH,t62_sec_aa69247851fa489f9bab,IDENTITY_LIMITED,True,False,PARTIAL_DS03_AUTHORITY_PRESENT
ACIW,t62_sec_58a039be2319fd0de871,IDENTITY_LIMITED,True,False,PARTIAL_DS03_AUTHORITY_PRESENT
ACLS,t62_sec_fae7b891be0af33b0989,IDENTITY_LIMITED,True,True,ANCHOR_OVERLAP
ACN,t62_sec_a3b6d13a90d385d43566,IDENTITY_LIMITED,True,True,ANCHOR_OVERLAP
ACTG,t62_sec_19e3b26d8c8d6b2ba35f,IDENTITY_LIMITED,True,False,PARTIAL_DS03_AUTHORITY_PRESENT
AD,t62_sec_9ce1f3a22b8b901576e5,IDENTITY_LIMITED,True,False,PARTIAL_DS03_AUTHORITY_PRESENT
ADBE,t62_sec_d92dcc16d3098cb5ed3a,IDENTITY_LIMITED,True,True,ANCHOR_OVERLAP
ADC,t62_sec_aa248163822171ae96bd,IDENTITY_LIMITED,False,False,PARTIAL_DS03_AUTHORITY_PRESENT
ADEA,t62_sec_3cc5d19e8c9e202bd397,IDENTITY_LIMITED,True,False,PARTIAL_DS03_AUTHORITY_PRESENT
ADI,t62_sec_200a9475f967f856afbc,IDENTITY_LIMITED,True,True,ANCHOR_OVERLAP
ADM,t62_sec_9d154d3db048c63d6ade,IDENTITY_LIMITED,True,True,ANCHOR_OVERLAP
ADP,t62_sec_c4ea570366fab1279dae,IDENTITY_LIMITED,True,True,ANCHOR_OVERLAP
ADSK,t62_sec_3c3ee028c4c4ffd802db,IDENTITY_LIMITED,True,True,ANCHOR_OVERLAP
ADTN,t62_sec_56e63168e8b2109b6d15,IDENTITY_LIMITED,True,False,PARTIAL_DS03_AUTHORITY_PRESENT
ADX,t62_sec_3af89560d6718c02785b,IDENTITY_LIMITED,False,False,PARTIAL_DS03_AUTHORITY_PRESENT
AEE,t62_sec_fefbbcd6d8484ce14cf9,IDENTITY_LIMITED,True,True,ANCHOR_OVERLAP
AEF,t62_sec_abafcf0e0e45193f1888,IDENTITY_LIMITED,False,False,PARTIAL_DS03_AUTHORITY_PRESENT
AEG,t62_sec_71eb7676364f9dbac386,IDENTITY_LIMITED,True,False,PARTIAL_DS03_AUTHORITY_PRESENT
AEIS,t62_sec_3601ab3c63d0cdcfdf48,IDENTITY_LIMITED,True,True,ANCHOR_OVERLAP
AEM,t62_sec_228f1304855b0a85407a,IDENTITY_LIMITED,True,True,ANCHOR_OVERLAP
AEO,t62_sec_1edce83920ae574e3139,IDENTITY_LIMITED,True,True,ANCHOR_OVERLAP
AEP,t62_sec_01ef6e3ad8bd8f13e2be,IDENTITY_LIMITED,False,False,PARTIAL_DS03_AUTHORITY_PRESENT
AES,t62_sec_40ec9c086fc21546ea55,IDENTITY_LIMITED,False,False,PARTIAL_DS03_AUTHORITY_PRESENT
AFB,t62_sec_721d3c77d9b52cdd1fb1,IDENTITY_LIMITED,False,False,PARTIAL_DS03_AUTHORITY_PRESENT
AFG,t62_sec_69d5fd3f0e7308aaa902,IDENTITY_LIMITED,False,False,PARTIAL_DS03_AUTHORITY_PRESENT
AFL,t62_sec_3baa3d617f798873a82d,IDENTITY_LIMITED,True,True,ANCHOR_OVERLAP
AGCO,t62_sec_2e394fc0531eb4f7f127,IDENTITY_LIMITED,True,True,ANCHOR_OVERLAP
AGEN,t62_sec_feb34fc6df2f3eda3faa,IDENTITY_LIMITED,True,False,PARTIAL_DS03_AUTHORITY_PRESENT
AGM,t62_sec_6779539cdf03e1b0e484,IDENTITY_LIMITED,True,False,PARTIAL_DS03_AUTHORITY_PRESENT
AGO,t62_sec_4a9a7ccb05e6ea6e9ad7,IDENTITY_LIMITED,False,False,PARTIAL_DS03_AUTHORITY_PRESENT
AGYS,t62_sec_8391ce29b901ee5c1a65,IDENTITY_LIMITED,True,False,PARTIAL_DS03_AUTHORITY_PRESENT
AHT,t62_sec_b39a92bcfa36cce85f0d,IDENTITY_LIMITED,True,False,PARTIAL_DS03_AUTHORITY_PRESENT
AIG,t62_sec_335749f47c99a53b0fd8,IDENTITY_LIMITED,True,True,ANCHOR_OVERLAP
AIN,t62_sec_c8a7ad608ce379024786,IDENTITY_LIMITED,True,False,PARTIAL_DS03_AUTHORITY_PRESENT
AIR,t62_sec_341855315059db63f156,IDENTITY_LIMITED,True,False,PARTIAL_DS03_AUTHORITY_PRESENT
AIT,t62_sec_ab12e58fb8ffdc3fadd0,IDENTITY_LIMITED,True,True,ANCHOR_OVERLAP
AIV,t62_sec_171ea42da51c50556835,IDENTITY_LIMITED,True,False,PARTIAL_DS03_AUTHORITY_PRESENT
AIZ,t62_sec_7d5d1f9efa005a05ea99,IDENTITY_LIMITED,True,True,ANCHOR_OVERLAP
AJG,t62_sec_9b79cfe4cdc5ad2598dc,IDENTITY_LIMITED,True,True,ANCHOR_OVERLAP
AKAM,t62_sec_cbbcee5bb8909d8de383,IDENTITY_LIMITED,True,True,ANCHOR_OVERLAP
AKR,t62_sec_fb8278ac25f1ed910ad4,IDENTITY_LIMITED,True,False,PARTIAL_DS03_AUTHORITY_PRESENT
ALB,t62_sec_9288367812c14600e318,IDENTITY_LIMITED,True,True,ANCHOR_OVERLAP
ALGN,t62_sec_5e8f01b67490020f3ed1,IDENTITY_LIMITED,True,True,ANCHOR_OVERLAP
ALK,t62_sec_211da2afe4d39dcb405b,IDENTITY_LIMITED,True,True,ANCHOR_OVERLAP
ALL,t62_sec_77758932ee90a11ed59a,IDENTITY_LIMITED,True,True,ANCHOR_OVERLAP
ALV,t62_sec_4fa04a28d2833dc66c3e,IDENTITY_LIMITED,True,True,ANCHOR_OVERLAP
AMAT,t62_sec_920132e2b87fa7b5a895,IDENTITY_LIMITED,True,True,ANCHOR_OVERLAP
AMD,t62_sec_17af774d9fc670df7878,IDENTITY_LIMITED,True,True,ANCHOR_OVERLAP
AME,t62_sec_88f85a61ba7bc2eee26b,IDENTITY_LIMITED,True,True,ANCHOR_OVERLAP
AMG,t62_sec_426c287862436d0c3ca3,IDENTITY_LIMITED,True,True,ANCHOR_OVERLAP
AMGN,t62_sec_16659657a577fbb03683,IDENTITY_LIMITED,True,True,ANCHOR_OVERLAP
AMKR,t62_sec_5aef5810752dc410e7e7,IDENTITY_LIMITED,True,True,ANCHOR_OVERLAP
AMN,t62_sec_867ed607da439176dc3d,IDENTITY_LIMITED,True,False,PARTIAL_DS03_AUTHORITY_PRESENT
AMSC,t62_sec_4a20d7807c0bebf7685c,IDENTITY_LIMITED,True,True,ANCHOR_OVERLAP
AMT,t62_sec_a13d77c9ddbe7ef2efb3,IDENTITY_LIMITED,False,False,PARTIAL_DS03_AUTHORITY_PRESENT
AMX,t62_sec_583d49a65220832b32fb,IDENTITY_LIMITED,True,False,PARTIAL_DS03_AUTHORITY_PRESENT
AMZN,t62_sec_0224099d10eabc2efcfe,IDENTITY_LIMITED,True,True,ANCHOR_OVERLAP
AN,t62_sec_a981664fdba97c2fc538,IDENTITY_LIMITED,True,True,ANCHOR_OVERLAP
ANDE,t62_sec_e1d3008b765253416813,IDENTITY_LIMITED,True,False,PARTIAL_DS03_AUTHORITY_PRESENT
ANF,t62_sec_271b13e32799e0dd58fa,IDENTITY_LIMITED,True,True,ANCHOR_OVERLAP
ANGO,t62_sec_3c6b0b2e04e289dda348,IDENTITY_LIMITED,True,False,PARTIAL_DS03_AUTHORITY_PRESENT
ANIK,t62_sec_c4aa893af7911d221ff7,IDENTITY_LIMITED,True,False,PARTIAL_DS03_AUTHORITY_PRESENT
ANIP,t62_sec_76ba05832d6ce370f8d7,IDENTITY_LIMITED,True,False,PARTIAL_DS03_AUTHORITY_PRESENT
ANIX,t62_sec_21530f6be7cb12562279,IDENTITY_LIMITED,False,False,PARTIAL_DS03_AUTHORITY_PRESENT
AON,t62_sec_00d7b5a811781b271185,IDENTITY_LIMITED,True,True,ANCHOR_OVERLAP
AOS,t62_sec_88180b5491beb50fc7cb,IDENTITY_LIMITED,False,False,PARTIAL_DS03_AUTHORITY_PRESENT
APA,t62_sec_b5367d597e55b2b82b78,IDENTITY_LIMITED,False,False,PARTIAL_DS03_AUTHORITY_PRESENT
APD,t62_sec_a38bfd25807cf9c27371,IDENTITY_LIMITED,True,True,ANCHOR_OVERLAP
APH,t62_sec_2919058641f4531f187c,IDENTITY_LIMITED,True,True,ANCHOR_OVERLAP
APOG,t62_sec_fb8aa298333eb963247a,IDENTITY_LIMITED,True,False,PARTIAL_DS03_AUTHORITY_PRESENT
APT,t62_sec_f2a280b9ced446de84e7,IDENTITY_LIMITED,True,False,PARTIAL_DS03_AUTHORITY_PRESENT
ARCB,t62_sec_c3d2f22803946e14f966,IDENTITY_LIMITED,True,False,PARTIAL_DS03_AUTHORITY_PRESENT
ARCC,t62_sec_0ecb53b97c8f4d9b8b73,IDENTITY_LIMITED,True,True,ANCHOR_OVERLAP
ARLP,t62_sec_3ed3193b0bf4f1e899b2,IDENTITY_LIMITED,True,False,PARTIAL_DS03_AUTHORITY_PRESENT
ARMP,t62_sec_4c61fd323297f6e79a8e,IDENTITY_LIMITED,False,False,PARTIAL_DS03_AUTHORITY_PRESENT
AROW,t62_sec_7b5a3d7e1a553033ea28,IDENTITY_LIMITED,False,False,PARTIAL_DS03_AUTHORITY_PRESENT
ARW,t62_sec_e0a896e61293ca81eaea,IDENTITY_LIMITED,True,True,ANCHOR_OVERLAP
ASA,t62_sec_486306dd69d5ccc1e0ed,IDENTITY_LIMITED,False,False,PARTIAL_DS03_AUTHORITY_PRESENT
ASG,t62_sec_afb37c1ae4aa82540814,IDENTITY_LIMITED,False,False,PARTIAL_DS03_AUTHORITY_PRESENT
ASH,t62_sec_15064b4f89a79ceba49d,IDENTITY_LIMITED,True,False,PARTIAL_DS03_AUTHORITY_PRESENT
ASML,t62_sec_71c9ab605a432007ef9a,IDENTITY_LIMITED,True,True,ANCHOR_OVERLAP
ASR,t62_sec_b408fee77d1bd30385ad,IDENTITY_LIMITED,False,False,PARTIAL_DS03_AUTHORITY_PRESENT
ASTE,t62_sec_591343edd89b216edbe3,IDENTITY_LIMITED,True,False,PARTIAL_DS03_AUTHORITY_PRESENT
ATI,t62_sec_94c1709a316f611ed340,IDENTITY_LIMITED,True,True,ANCHOR_OVERLAP
ATO,t62_sec_df582f26bf93627c1b36,IDENTITY_LIMITED,True,True,ANCHOR_OVERLAP
ATR,t62_sec_e6da8a49ae00e9519334,IDENTITY_LIMITED,True,True,ANCHOR_OVERLAP
ATRO,t62_sec_e3fa8c123956c711c8d8,IDENTITY_LIMITED,True,False,PARTIAL_DS03_AUTHORITY_PRESENT
AU,t62_sec_64be492a54a31fc6c39b,IDENTITY_LIMITED,False,False,PARTIAL_DS03_AUTHORITY_PRESENT
AUB,t62_sec_1dce7d7cf3b1163ba505,IDENTITY_LIMITED,True,False,PARTIAL_DS03_AUTHORITY_PRESENT
AUDC,t62_sec_36bbfe6a8b1b676a1bca,IDENTITY_LIMITED,True,False,PARTIAL_DS03_AUTHORITY_PRESENT
AVA,t62_sec_045ce9f6e6b3cccf20dd,IDENTITY_LIMITED,False,False,PARTIAL_DS03_AUTHORITY_PRESENT
AVD,t62_sec_97463549d443b301d1c1,IDENTITY_LIMITED,True,False,PARTIAL_DS03_AUTHORITY_PRESENT
AVGO,t62_sec_63ba9002b7a108e468b9,IDENTITY_LIMITED,True,True,ANCHOR_OVERLAP
AVK,t62_sec_fee96dcabf848fe30970,IDENTITY_LIMITED,False,False,PARTIAL_DS03_AUTHORITY_PRESENT
AVNT,t62_sec_c4feab078ce608aa35d1,IDENTITY_LIMITED,True,False,PARTIAL_DS03_AUTHORITY_PRESENT
AVT,t62_sec_8fa2975bd395ad74494c,IDENTITY_LIMITED,True,True,ANCHOR_OVERLAP
AVY,t62_sec_6d4ee7b03ed86088eede,IDENTITY_LIMITED,True,True,ANCHOR_OVERLAP
AWF,t62_sec_1ee8094fdade8029dfe3,IDENTITY_LIMITED,False,False,PARTIAL_DS03_AUTHORITY_PRESENT
AWR,t62_sec_9a1ff207de376766e796,IDENTITY_LIMITED,True,False,PARTIAL_DS03_AUTHORITY_PRESENT
AXGN,t62_sec_c04ad88de320d5cd8dde,IDENTITY_LIMITED,True,False,PARTIAL_DS03_AUTHORITY_PRESENT
AXON,t62_sec_66b80fb11a276c37a547,IDENTITY_LIMITED,True,True,ANCHOR_OVERLAP
AXP,t62_sec_2dd679b83247ca402ca5,IDENTITY_LIMITED,True,True,ANCHOR_OVERLAP
AXS,t62_sec_869f99ea747193f9aba1,IDENTITY_LIMITED,True,True,ANCHOR_OVERLAP
AXTI,t62_sec_56dd8578d51f8cafd753,IDENTITY_LIMITED,True,True,ANCHOR_OVERLAP
AYI,t62_sec_35e31562feabe48669ab,IDENTITY_LIMITED,True,True,ANCHOR_OVERLAP
AZN,t62_sec_448c6ef41ce2d5f1dba7,IDENTITY_LIMITED,True,True,ANCHOR_OVERLAP
AZO,t62_sec_0a34e836c81ded468dcc,IDENTITY_LIMITED,True,True,ANCHOR_OVERLAP
AZTA,t62_sec_93854cb601e10ce16526,IDENTITY_LIMITED,True,False,PARTIAL_DS03_AUTHORITY_PRESENT
B,t62_sec_7278a4ac6ff26f215aea,IDENTITY_LIMITED,True,True,ANCHOR_OVERLAP
BA,t62_sec_7f860451a213e37cb584,IDENTITY_LIMITED,True,True,ANCHOR_OVERLAP
BAC,t62_sec_28704de50299304cdb63,IDENTITY_LIMITED,True,True,ANCHOR_OVERLAP
BALL,t62_sec_c7e2338e08a89bd4b671,IDENTITY_LIMITED,True,True,ANCHOR_OVERLAP
BANF,t62_sec_8cd5a7735f93dfda45a5,IDENTITY_LIMITED,True,False,PARTIAL_DS03_AUTHORITY_PRESENT
BAX,t62_sec_c5acd630ff2159c1d539,IDENTITY_LIMITED,True,True,ANCHOR_OVERLAP
BB,t62_sec_3384c83f27bb5338a2f7,IDENTITY_LIMITED,True,True,ANCHOR_OVERLAP
BBAR,t62_sec_02dc9518e334325ee812,IDENTITY_LIMITED,False,False,PARTIAL_DS03_AUTHORITY_PRESENT
BBBY,t62_sec_6bb90d18d76dfc4fb738,IDENTITY_LIMITED,True,False,PARTIAL_DS03_AUTHORITY_PRESENT
BBD,t62_sec_14da4a09678db64dfa54,IDENTITY_LIMITED,False,False,PARTIAL_DS03_AUTHORITY_PRESENT
BBSI,t62_sec_6461055afd1270a855a3,IDENTITY_LIMITED,True,False,PARTIAL_DS03_AUTHORITY_PRESENT
BBT,t62_sec_c396d59d5541f67cf5ae,IDENTITY_LIMITED,False,False,PARTIAL_DS03_AUTHORITY_PRESENT
BBVA,t62_sec_8894603df829968ca8a5,IDENTITY_LIMITED,True,False,PARTIAL_DS03_AUTHORITY_PRESENT
BBW,t62_sec_e5be81b30f4e24721701,IDENTITY_LIMITED,True,False,PARTIAL_DS03_AUTHORITY_PRESENT
BBWI,t62_sec_c89793e805aaaef28922,IDENTITY_LIMITED,False,False,PARTIAL_DS03_AUTHORITY_PRESENT
BBY,t62_sec_09989d925ff351519d07,IDENTITY_LIMITED,False,False,PARTIAL_DS03_AUTHORITY_PRESENT
BC,t62_sec_e36fb6a756e07b3d2f24,IDENTITY_LIMITED,True,True,ANCHOR_OVERLAP
BCE,t62_sec_bf4f96aacc474736f5c9,IDENTITY_LIMITED,False,False,PARTIAL_DS03_AUTHORITY_PRESENT
BCO,t62_sec_05f96057ecc9d55dce1f,IDENTITY_LIMITED,True,False,PARTIAL_DS03_AUTHORITY_PRESENT
BCPC,t62_sec_7c4739cd7ef9de2df193,IDENTITY_LIMITED,True,False,PARTIAL_DS03_AUTHORITY_PRESENT
BCRX,t62_sec_2b7361759196eec61fd6,IDENTITY_LIMITED,True,False,PARTIAL_DS03_AUTHORITY_PRESENT
BCS,t62_sec_4f19ffecd11065e69edb,IDENTITY_LIMITED,True,True,ANCHOR_OVERLAP
BCV,t62_sec_e24b6d2fb415dc0a7fd8,IDENTITY_LIMITED,False,False,PARTIAL_DS03_AUTHORITY_PRESENT
BDC,t62_sec_4a4bed009a8732c294b2,IDENTITY_LIMITED,True,False,PARTIAL_DS03_AUTHORITY_PRESENT
BDN,t62_sec_402523baa79e711dd873,IDENTITY_LIMITED,True,False,PARTIAL_DS03_AUTHORITY_PRESENT
BDX,t62_sec_8939e27834f985d545b5,IDENTITY_LIMITED,True,True,ANCHOR_OVERLAP
BELFB,t62_sec_0d47e1e1694b80489864,IDENTITY_LIMITED,True,False,PARTIAL_DS03_AUTHORITY_PRESENT
BFH,t62_sec_7a930477c22a7d17c58c,IDENTITY_LIMITED,True,True,ANCHOR_OVERLAP
BFS,t62_sec_7f6c859f6be7e8d730e0,IDENTITY_LIMITED,False,False,PARTIAL_DS03_AUTHORITY_PRESENT
BG,t62_sec_c41452e110bcbd550850,IDENTITY_LIMITED,True,True,ANCHOR_OVERLAP
BGC,t62_sec_a5ec16172a4e7ec18fa6,IDENTITY_LIMITED,True,False,PARTIAL_DS03_AUTHORITY_PRESENT
BGR,t62_sec_6871dd3f17c16f27d3ee,IDENTITY_LIMITED,False,False,PARTIAL_DS03_AUTHORITY_PRESENT
BGT,t62_sec_dea23e0561eb8203783b,IDENTITY_LIMITED,False,False,PARTIAL_DS03_AUTHORITY_PRESENT
BH,t62_sec_22efa44d6927be6c70e5,IDENTITY_LIMITED,False,False,PARTIAL_DS03_AUTHORITY_PRESENT
BHC,t62_sec_1bf50dfd71ae52084df7,IDENTITY_LIMITED,True,False,PARTIAL_DS03_AUTHORITY_PRESENT
BHE,t62_sec_e727ddebc25a328d9bcb,IDENTITY_LIMITED,True,False,PARTIAL_DS03_AUTHORITY_PRESENT
BHK,t62_sec_9d728d939465e64ba78e,IDENTITY_LIMITED,False,False,PARTIAL_DS03_AUTHORITY_PRESENT
BHP,t62_sec_87096ff839bbe6e204f6,IDENTITY_LIMITED,True,True,ANCHOR_OVERLAP
BIIB,t62_sec_cb28e23367791986966c,IDENTITY_LIMITED,True,True,ANCHOR_OVERLAP
BIO,t62_sec_ff3fbcfef979e51f0991,IDENTITY_LIMITED,True,True,ANCHOR_OVERLAP
BJRI,t62_sec_f60fec4aeeb7bba954de,IDENTITY_LIMITED,True,False,PARTIAL_DS03_AUTHORITY_PRESENT
BKE,t62_sec_85e7121ee4eac02df66c,IDENTITY_LIMITED,False,False,PARTIAL_DS03_AUTHORITY_PRESENT
BKH,t62_sec_1455e22b1ea7d26aa687,IDENTITY_LIMITED,True,True,ANCHOR_OVERLAP
BKNG,t62_sec_ec8bd199a6fe6f5a2be6,IDENTITY_LIMITED,True,True,ANCHOR_OVERLAP
BKT,t62_sec_25f29fab55523e834ba6,IDENTITY_LIMITED,False,False,PARTIAL_DS03_AUTHORITY_PRESENT
BLDP,t62_sec_74edbb2e96f6d4ef79a6,IDENTITY_LIMITED,True,False,PARTIAL_DS03_AUTHORITY_PRESENT
BLK,t62_sec_2327891a9a6c6c0cb547,IDENTITY_LIMITED,True,True,ANCHOR_OVERLAP
BLKB,t62_sec_3a3b9666d6420601aaa8,IDENTITY_LIMITED,True,False,PARTIAL_DS03_AUTHORITY_PRESENT
BLW,t62_sec_aae27658466ea2aad65d,IDENTITY_LIMITED,False,False,PARTIAL_DS03_AUTHORITY_PRESENT
BLX,t62_sec_0861f93d440874fa072a,IDENTITY_LIMITED,False,False,PARTIAL_DS03_AUTHORITY_PRESENT
BMI,t62_sec_58faf31ef7dfbb9a7945,IDENTITY_LIMITED,True,True,ANCHOR_OVERLAP
BMO,t62_sec_9a648f49c14287238205,IDENTITY_LIMITED,False,False,PARTIAL_DS03_AUTHORITY_PRESENT
BMY,t62_sec_b90b9809bda6f67684e0,IDENTITY_LIMITED,False,False,PARTIAL_DS03_AUTHORITY_PRESENT
BN,t62_sec_0a15ab148f7ebc1b3bd1,IDENTITY_LIMITED,True,True,ANCHOR_OVERLAP
BNBX,t62_sec_22a06ca8908586990b30,IDENTITY_LIMITED,True,False,PARTIAL_DS03_AUTHORITY_PRESENT
BNS,t62_sec_db7b98f758a95f3894a7,IDENTITY_LIMITED,True,True,ANCHOR_OVERLAP
BNY,t62_sec_8f702c3b8d6e03a27020,IDENTITY_LIMITED,True,True,ANCHOR_OVERLAP
BOH,t62_sec_e3040c2609639f1c8ba7,IDENTITY_LIMITED,True,False,PARTIAL_DS03_AUTHORITY_PRESENT
BOKF,t62_sec_903a67728d1161ac9d3d,IDENTITY_LIMITED,True,False,PARTIAL_DS03_AUTHORITY_PRESENT
BOOM,t62_sec_710a2d0eeedaa6acac1a,IDENTITY_LIMITED,True,False,PARTIAL_DS03_AUTHORITY_PRESENT
BP,t62_sec_ceec09a1122946bac40e,IDENTITY_LIMITED,False,False,PARTIAL_DS03_AUTHORITY_PRESENT
BPOP,t62_sec_fa301585895d317f85d7,IDENTITY_LIMITED,True,True,ANCHOR_OVERLAP
BRC,t62_sec_8f253cf06148ec3378a6,IDENTITY_LIMITED,False,False,PARTIAL_DS03_AUTHORITY_PRESENT
BRK-A,,IDENTITY_LIMITED,False,False,ELIGIBILITY_AUTHORITY_MISSING
BRK-B,,IDENTITY_LIMITED,False,False,ELIGIBILITY_AUTHORITY_MISSING
BRKR,t62_sec_c31ffbe880e996dc0bd5,IDENTITY_LIMITED,True,True,ANCHOR_OVERLAP
BRO,t62_sec_b36edf11944e831fc427,IDENTITY_LIMITED,True,True,ANCHOR_OVERLAP
BRW,t62_sec_761b71a2e3bf08931bf8,IDENTITY_LIMITED,False,False,PARTIAL_DS03_AUTHORITY_PRESENT
BSAC,t62_sec_12c235c4528aba591265,IDENTITY_LIMITED,True,False,PARTIAL_DS03_AUTHORITY_PRESENT
BSET,t62_sec_2ddcfe3d49e54acf73e2,IDENTITY_LIMITED,False,False,PARTIAL_DS03_AUTHORITY_PRESENT
BSX,t62_sec_b83b6f2c3188d3fe6d3e,IDENTITY_LIMITED,True,True,ANCHOR_OVERLAP
BTI,t62_sec_977dab069d88a4bf39fd,IDENTITY_LIMITED,True,True,ANCHOR_OVERLAP
BTO,t62_sec_d37875e01bfb66517808,IDENTITY_LIMITED,False,False,PARTIAL_DS03_AUTHORITY_PRESENT
BVN,t62_sec_8b49ac8fc6a74d8f4906,IDENTITY_LIMITED,True,False,PARTIAL_DS03_AUTHORITY_PRESENT
BWA,t62_sec_c48885114c7e99c5a94a,IDENTITY_LIMITED,True,True,ANCHOR_OVERLAP
BXP,t62_sec_80929141ea63f402ce50,IDENTITY_LIMITED,True,True,ANCHOR_OVERLAP
BYD,t62_sec_2703a221ad4443549621,IDENTITY_LIMITED,True,True,ANCHOR_OVERLAP
BZH,t62_sec_b1eb990613dfbea4395b,IDENTITY_LIMITED,True,False,PARTIAL_DS03_AUTHORITY_PRESENT
C,t62_sec_701192d94b4467d1c3ad,IDENTITY_LIMITED,True,True,ANCHOR_OVERLAP
CAC,t62_sec_562335f2772d7e92049b,IDENTITY_LIMITED,False,False,PARTIAL_DS03_AUTHORITY_PRESENT
CACI,t62_sec_9f174e5bfb14f5eabb0e,IDENTITY_LIMITED,True,True,ANCHOR_OVERLAP
CAE,t62_sec_cf11b833f0132e236d5d,IDENTITY_LIMITED,True,False,PARTIAL_DS03_AUTHORITY_PRESENT
CAG,t62_sec_2a1cdcc047b89fb3a0dc,IDENTITY_LIMITED,True,True,ANCHOR_OVERLAP
CAH,t62_sec_28440daae0507d7ae8f0,IDENTITY_LIMITED,True,True,ANCHOR_OVERLAP
CAKE,t62_sec_9b5af4c787ac7d2d1d4e,IDENTITY_LIMITED,True,True,ANCHOR_OVERLAP
CAL,t62_sec_a9157d99a6f767a274d6,IDENTITY_LIMITED,True,False,PARTIAL_DS03_AUTHORITY_PRESENT
CALM,t62_sec_6c83624ca030d21b1343,IDENTITY_LIMITED,True,True,ANCHOR_OVERLAP
CALY,t62_sec_fa91e2f13f256d0214e8,IDENTITY_LIMITED,True,False,PARTIAL_DS03_AUTHORITY_PRESENT
CAR,t62_sec_657aa94149666af59255,IDENTITY_LIMITED,True,True,ANCHOR_OVERLAP
CASY,t62_sec_33d288c89da366f94db2,IDENTITY_LIMITED,True,True,ANCHOR_OVERLAP
CAT,t62_sec_cdcd8a926bb5ef56e3e0,IDENTITY_LIMITED,True,True,ANCHOR_OVERLAP
CATO,t62_sec_ad8b49606edd15bcccc3,IDENTITY_LIMITED,False,False,PARTIAL_DS03_AUTHORITY_PRESENT
CATY,t62_sec_80ed7b6846e5e4802a21,IDENTITY_LIMITED,True,False,PARTIAL_DS03_AUTHORITY_PRESENT
CB,t62_sec_424f40db5f9820fb437f,IDENTITY_LIMITED,True,True,ANCHOR_OVERLAP
CBRE,t62_sec_d748b3810821eb40851c,IDENTITY_LIMITED,True,True,ANCHOR_OVERLAP
CBRL,t62_sec_b36ec1a6c94ca189f2bf,IDENTITY_LIMITED,False,False,PARTIAL_DS03_AUTHORITY_PRESENT
CBSH,t62_sec_f31d83e2e14560234297,IDENTITY_LIMITED,True,True,ANCHOR_OVERLAP
CBT,t62_sec_bb2b0b0366e1e2fe9d9e,IDENTITY_LIMITED,True,False,PARTIAL_DS03_AUTHORITY_PRESENT
CBU,t62_sec_a73467e8369d8cc1af45,IDENTITY_LIMITED,True,False,PARTIAL_DS03_AUTHORITY_PRESENT
CBZ,t62_sec_aca305788635411b6494,IDENTITY_LIMITED,True,False,PARTIAL_DS03_AUTHORITY_PRESENT
CCBG,t62_sec_75d23b45dac8e03e4072,IDENTITY_LIMITED,False,False,PARTIAL_DS03_AUTHORITY_PRESENT
CCEP,t62_sec_2bd417171006a80d6661,IDENTITY_LIMITED,False,False,PARTIAL_DS03_AUTHORITY_PRESENT
CCI,t62_sec_c79f3a26deb7348055c0,IDENTITY_LIMITED,False,False,PARTIAL_DS03_AUTHORITY_PRESENT
CCK,t62_sec_f68315604dc328e755af,IDENTITY_LIMITED,True,True,ANCHOR_OVERLAP
CCL,t62_sec_586d6341d1567ba5e1a2,IDENTITY_LIMITED,True,True,ANCHOR_OVERLAP
CCOI,t62_sec_8001a0eaee676142db3c,IDENTITY_LIMITED,True,False,PARTIAL_DS03_AUTHORITY_PRESENT
CCRN,t62_sec_43ae4e696ee0d296a4d8,IDENTITY_LIMITED,True,False,PARTIAL_DS03_AUTHORITY_PRESENT
CCU,t62_sec_5f0e58a70c844278cd41,IDENTITY_LIMITED,False,False,PARTIAL_DS03_AUTHORITY_PRESENT
CDE,t62_sec_c19141bbe8211bafc26a,IDENTITY_LIMITED,True,True,ANCHOR_OVERLAP
CDNS,t62_sec_dec3d502887a8ad47ce5,IDENTITY_LIMITED,True,True,ANCHOR_OVERLAP
CDP,t62_sec_3055184a92012264766d,IDENTITY_LIMITED,True,False,PARTIAL_DS03_AUTHORITY_PRESENT
CE,t62_sec_28de1eca1db4f79b4845,IDENTITY_LIMITED,True,True,ANCHOR_OVERLAP
CECO,t62_sec_462662efacbc8fa49ecf,IDENTITY_LIMITED,True,False,PARTIAL_DS03_AUTHORITY_PRESENT
CFFN,t62_sec_a3ade4a2c686175998b2,IDENTITY_LIMITED,False,False,PARTIAL_DS03_AUTHORITY_PRESENT
CHKP,t62_sec_1ce0c560714855f433b4,IDENTITY_LIMITED,True,True,ANCHOR_OVERLAP
CHRW,t62_sec_b48b887f1b79e930d105,IDENTITY_LIMITED,True,True,ANCHOR_OVERLAP
CHT,t62_sec_17f529d99157ce474dd8,IDENTITY_LIMITED,True,False,PARTIAL_DS03_AUTHORITY_PRESENT
CI,t62_sec_39d493616e295c84a88d,IDENTITY_LIMITED,True,True,ANCHOR_OVERLAP
CIEN,t62_sec_f0daa8f074570fee6b50,IDENTITY_LIMITED,True,True,ANCHOR_OVERLAP
CINF,t62_sec_45fa6766b3d26f460e69,IDENTITY_LIMITED,True,True,ANCHOR_OVERLAP
CL,t62_sec_a966a2a79461fc30237e,IDENTITY_LIMITED,False,False,PARTIAL_DS03_AUTHORITY_PRESENT
CLX,t62_sec_9b5251cecc0e6196921f,IDENTITY_LIMITED,False,False,PARTIAL_DS03_AUTHORITY_PRESENT
CMCSA,t62_sec_5c004f702c77c9d16c7e,IDENTITY_LIMITED,True,True,ANCHOR_OVERLAP
CMI,t62_sec_3e681e27f10e9a4f5ed3,IDENTITY_LIMITED,True,True,ANCHOR_OVERLAP
CMS,t62_sec_453b6b7836da543c418a,IDENTITY_LIMITED,False,False,PARTIAL_DS03_AUTHORITY_PRESENT
CNP,t62_sec_95cf890094c864d14755,IDENTITY_LIMITED,True,True,ANCHOR_OVERLAP
COF,t62_sec_656d108217b483f9df3b,IDENTITY_LIMITED,True,True,ANCHOR_OVERLAP
COP,t62_sec_5f1793aae1241c105ee0,IDENTITY_LIMITED,False,False,PARTIAL_DS03_AUTHORITY_PRESENT
COR,t62_sec_de3df2c3e6f0590f9922,IDENTITY_LIMITED,True,True,ANCHOR_OVERLAP
COST,t62_sec_202069e6ffa2b85a5cd4,IDENTITY_LIMITED,True,True,ANCHOR_OVERLAP
CPB,t62_sec_fc81868ba4bf46f293af,IDENTITY_LIMITED,False,False,PARTIAL_DS03_AUTHORITY_PRESENT
CRM,t62_sec_d0e24a55e881afbede41,IDENTITY_LIMITED,False,False,PARTIAL_DS03_AUTHORITY_PRESENT
CSCO,t62_sec_eaf23df0fdcea767dc9e,IDENTITY_LIMITED,True,True,ANCHOR_OVERLAP
CSX,t62_sec_23cc18b2a8d38167dd1b,IDENTITY_LIMITED,True,True,ANCHOR_OVERLAP
CTAS,t62_sec_3ccda554a4053dff79eb,IDENTITY_LIMITED,True,True,ANCHOR_OVERLAP
CVS,t62_sec_a610d75e63c6cefe96e1,IDENTITY_LIMITED,False,False,PARTIAL_DS03_AUTHORITY_PRESENT
CVX,t62_sec_3e2905a8de0d2a74fb04,IDENTITY_LIMITED,True,True,ANCHOR_OVERLAP
CXT,t62_sec_87e728d59fe492e33511,IDENTITY_LIMITED,True,False,PARTIAL_DS03_AUTHORITY_PRESENT
D,t62_sec_d88fde576031fc7d8097,IDENTITY_LIMITED,True,True,ANCHOR_OVERLAP
DAL,t62_sec_0920a9f7c58e6235192e,IDENTITY_LIMITED,True,True,ANCHOR_OVERLAP
DD,t62_sec_7a53698bd0d75e7c265d,IDENTITY_LIMITED,True,True,ANCHOR_OVERLAP
DGX,t62_sec_b366de5e5dfadf4d07ac,IDENTITY_LIMITED,True,True,ANCHOR_OVERLAP
DHR,t62_sec_d0bd484bd8131124a0b3,IDENTITY_LIMITED,True,True,ANCHOR_OVERLAP
DIS,t62_sec_fedb7e584a880b2248af,IDENTITY_LIMITED,True,True,ANCHOR_OVERLAP
DLTR,t62_sec_15fac928a55232576b85,IDENTITY_LIMITED,True,True,ANCHOR_OVERLAP
DLX,t62_sec_bf83a985d3bf65ab7b8c,IDENTITY_LIMITED,False,False,PARTIAL_DS03_AUTHORITY_PRESENT
DOV,t62_sec_4ac02fea3882a0082b3c,IDENTITY_LIMITED,True,True,ANCHOR_OVERLAP
DRI,t62_sec_f7f7a44b0e4da2dd5e41,IDENTITY_LIMITED,True,True,ANCHOR_OVERLAP
DTE,t62_sec_cf689a1f487d88166b72,IDENTITY_LIMITED,True,True,ANCHOR_OVERLAP
DUK,t62_sec_7668cd777f73829a4eea,IDENTITY_LIMITED,True,True,ANCHOR_OVERLAP
DVN,t62_sec_2f7b6ddb72f602b04133,IDENTITY_LIMITED,True,True,ANCHOR_OVERLAP
EBAY,t62_sec_9375749b6527bcc112eb,IDENTITY_LIMITED,True,True,ANCHOR_OVERLAP
ECL,t62_sec_655eb64eb430497c6ea6,IDENTITY_LIMITED,True,True,ANCHOR_OVERLAP
ED,t62_sec_60b5c4b8dd8d28a33d4c,IDENTITY_LIMITED,True,True,ANCHOR_OVERLAP
EFX,t62_sec_3c2a5b4f7951f899a8a0,IDENTITY_LIMITED,True,True,ANCHOR_OVERLAP
EIX,t62_sec_b2bd6ac37322beabd8f3,IDENTITY_LIMITED,False,False,PARTIAL_DS03_AUTHORITY_PRESENT
ELV,t62_sec_75eb7438c5ac5186e768,IDENTITY_LIMITED,True,True,ANCHOR_OVERLAP
EMN,t62_sec_f17f7606a9b6150561de,IDENTITY_LIMITED,False,False,PARTIAL_DS03_AUTHORITY_PRESENT
EMR,t62_sec_580d3ce36d09cab4a35f,IDENTITY_LIMITED,True,True,ANCHOR_OVERLAP
EOG,t62_sec_ef9013cbe34a0e497cac,IDENTITY_LIMITED,False,False,PARTIAL_DS03_AUTHORITY_PRESENT
EPC,t62_sec_6e99fee4f1bf8ae47df1,IDENTITY_LIMITED,True,False,PARTIAL_DS03_AUTHORITY_PRESENT
EQR,t62_sec_92d409517d2ffae6a236,IDENTITY_LIMITED,True,True,ANCHOR_OVERLAP
ETN,t62_sec_6beb233d718d438545e2,IDENTITY_LIMITED,True,True,ANCHOR_OVERLAP
ETR,t62_sec_7642ecad36e2c2ea92d0,IDENTITY_LIMITED,False,False,PARTIAL_DS03_AUTHORITY_PRESENT
EXC,t62_sec_0b753692ee69698b5389,IDENTITY_LIMITED,True,True,ANCHOR_OVERLAP
EXPD,t62_sec_71f4b0d2d68e48a83f2a,IDENTITY_LIMITED,True,True,ANCHOR_OVERLAP
F,t62_sec_a566cc67220d357003fe,IDENTITY_LIMITED,False,False,PARTIAL_DS03_AUTHORITY_PRESENT
FAST,t62_sec_f6cc9c724af35c31c072,IDENTITY_LIMITED,False,False,PARTIAL_DS03_AUTHORITY_PRESENT
FCX,t62_sec_83774ed5563e48ddce4a,IDENTITY_LIMITED,True,True,ANCHOR_OVERLAP
FDX,t62_sec_3595dc059ba1eb1305f2,IDENTITY_LIMITED,True,True,ANCHOR_OVERLAP
FE,t62_sec_62c2ea12b806ee5cca8c,IDENTITY_LIMITED,False,False,PARTIAL_DS03_AUTHORITY_PRESENT
FHI,t62_sec_8f119a792d49fa5dac5d,IDENTITY_LIMITED,False,False,PARTIAL_DS03_AUTHORITY_PRESENT
FHN,t62_sec_8223f45ffbe36c789cb5,IDENTITY_LIMITED,True,True,ANCHOR_OVERLAP
FISV,t62_sec_9bba7732bb2f58c099dc,IDENTITY_LIMITED,True,True,ANCHOR_OVERLAP
FLEX,t62_sec_bb63657f860e5a066aeb,IDENTITY_LIMITED,True,True,ANCHOR_OVERLAP
FLR,t62_sec_21d46c6f9a90b79585b5,IDENTITY_LIMITED,True,True,ANCHOR_OVERLAP
GAP,t62_sec_2eb8c30946c93dfa536e,IDENTITY_LIMITED,True,True,ANCHOR_OVERLAP
GD,t62_sec_9198a20e6646d3885070,IDENTITY_LIMITED,False,False,PARTIAL_DS03_AUTHORITY_PRESENT
GE,t62_sec_5362a31223675dfcbb0e,IDENTITY_LIMITED,True,True,ANCHOR_OVERLAP
GEN,t62_sec_b5198a94a31c890fbbe1,IDENTITY_LIMITED,True,True,ANCHOR_OVERLAP
GFI,t62_sec_6c7763c0d0e1fab5a704,IDENTITY_LIMITED,True,True,ANCHOR_OVERLAP
GILD,t62_sec_9d9a349ae3913348d34f,IDENTITY_LIMITED,True,True,ANCHOR_OVERLAP
GIS,t62_sec_6ab04fa1308c8ee25298,IDENTITY_LIMITED,False,False,PARTIAL_DS03_AUTHORITY_PRESENT
GL,t62_sec_da7de00571ea67a3d4b2,IDENTITY_LIMITED,True,True,ANCHOR_OVERLAP
GLD,t62_sec_d5c82d660dfdf5d4384b,IDENTITY_LIMITED,True,True,ANCHOR_OVERLAP
GLW,t62_sec_5e354d9bd85a3062a40a,IDENTITY_LIMITED,True,True,ANCHOR_OVERLAP
GNTX,t62_sec_11e772b6bebdd4514edc,IDENTITY_LIMITED,False,False,PARTIAL_DS03_AUTHORITY_PRESENT
GOOGL,t62_sec_20078939dcb561f8524a,IDENTITY_LIMITED,True,True,ANCHOR_OVERLAP
GPC,t62_sec_7476b4ccef53d92643a3,IDENTITY_LIMITED,False,False,PARTIAL_DS03_AUTHORITY_PRESENT
GRMN,t62_sec_5fc8ffb80c5a2d917c1e,IDENTITY_LIMITED,True,True,ANCHOR_OVERLAP
GS,t62_sec_34bed13ada5ba4a83ae3,IDENTITY_LIMITED,True,True,ANCHOR_OVERLAP
GT,t62_sec_1fa32e0ed1bfa922aeb5,IDENTITY_LIMITED,True,True,ANCHOR_OVERLAP
GWW,t62_sec_59b4ed85c291a7b35c9d,IDENTITY_LIMITED,True,True,ANCHOR_OVERLAP
HAL,t62_sec_2f0da090ec63c895a65b,IDENTITY_LIMITED,True,True,ANCHOR_OVERLAP
HAS,t62_sec_529ba5cfef2afc9eef1f,IDENTITY_LIMITED,True,True,ANCHOR_OVERLAP
HBAN,t62_sec_5eb22afccb365813102a,IDENTITY_LIMITED,True,True,ANCHOR_OVERLAP
HD,t62_sec_9648d5d9cd7bf08cde42,IDENTITY_LIMITED,True,True,ANCHOR_OVERLAP
HIG,t62_sec_27b68266ae5077c9253d,IDENTITY_LIMITED,True,True,ANCHOR_OVERLAP
HMY,t62_sec_8638c6651bf218731afc,IDENTITY_LIMITED,False,False,PARTIAL_DS03_AUTHORITY_PRESENT
HON,t62_sec_e66d0aa20e28fc82c11c,IDENTITY_LIMITED,True,True,ANCHOR_OVERLAP
HPQ,t62_sec_ba5cf7ab088aa48215c1,IDENTITY_LIMITED,False,False,PARTIAL_DS03_AUTHORITY_PRESENT
HRB,t62_sec_bb27eea65a80a78547ab,IDENTITY_LIMITED,False,False,PARTIAL_DS03_AUTHORITY_PRESENT
HSIC,t62_sec_89bea6f6040322280ba1,IDENTITY_LIMITED,True,True,ANCHOR_OVERLAP
HSY,t62_sec_7da5c9b1f82e97d399df,IDENTITY_LIMITED,True,True,ANCHOR_OVERLAP
IBCP,t62_sec_56178f0c2658b8f4f911,IDENTITY_LIMITED,False,False,PARTIAL_DS03_AUTHORITY_PRESENT
IBM,t62_sec_c04c1521f72949d4e85c,IDENTITY_LIMITED,False,False,PARTIAL_DS03_AUTHORITY_PRESENT
IFF,t62_sec_242a5a160d0a8d494a42,IDENTITY_LIMITED,True,True,ANCHOR_OVERLAP
INTC,t62_sec_772d3fdc7934680b78bc,IDENTITY_LIMITED,True,True,ANCHOR_OVERLAP
INTU,t62_sec_1bcae1643ff0c4b0c2a8,IDENTITY_LIMITED,False,False,PARTIAL_DS03_AUTHORITY_PRESENT
IP,t62_sec_7709e5c264d94ca5462f,IDENTITY_LIMITED,False,False,PARTIAL_DS03_AUTHORITY_PRESENT
ITT,t62_sec_a559d5910611c877101a,IDENTITY_LIMITED,True,True,ANCHOR_OVERLAP
ITW,t62_sec_0ca3d448241fae67578c,IDENTITY_LIMITED,True,True,ANCHOR_OVERLAP
JBL,t62_sec_44d17e4e5028f09d7c43,IDENTITY_LIMITED,True,True,ANCHOR_OVERLAP
JCI,t62_sec_fa6957b59bfc72237c39,IDENTITY_LIMITED,True,True,ANCHOR_OVERLAP
JHG,t62_sec_0cebbc2cc936a2e87926,IDENTITY_LIMITED,True,True,ANCHOR_OVERLAP
JNJ,t62_sec_43ba5f34f19c922596e9,IDENTITY_LIMITED,True,True,ANCHOR_OVERLAP
JPM,t62_sec_e01e018cc66cf547d22d,IDENTITY_LIMITED,True,True,ANCHOR_OVERLAP
KBH,t62_sec_2a899dc0ef7f62873ce3,IDENTITY_LIMITED,False,False,PARTIAL_DS03_AUTHORITY_PRESENT
KEY,t62_sec_518b9481a6fef3dff203,IDENTITY_LIMITED,True,True,ANCHOR_OVERLAP
KGC,t62_sec_e57b94507bca32fe1e68,IDENTITY_LIMITED,True,True,ANCHOR_OVERLAP
KLAC,t62_sec_be34906941ebccd05a68,IDENTITY_LIMITED,True,True,ANCHOR_OVERLAP
KMB,t62_sec_d187ee4a0c3cb5672f7e,IDENTITY_LIMITED,False,False,PARTIAL_DS03_AUTHORITY_PRESENT
KO,t62_sec_ca9fbe435b63197fcd0e,IDENTITY_LIMITED,True,True,ANCHOR_OVERLAP
KR,t62_sec_cc22a46c37cdaae7cd16,IDENTITY_LIMITED,True,True,ANCHOR_OVERLAP
KSS,t62_sec_45b219da6133db4a4a4c,IDENTITY_LIMITED,True,True,ANCHOR_OVERLAP
LAMR,t62_sec_e89fda4fe4eaf5ff92cf,IDENTITY_LIMITED,False,False,PARTIAL_DS03_AUTHORITY_PRESENT
LEG,t62_sec_e5c1b236c49dec5f640f,IDENTITY_LIMITED,True,False,PARTIAL_DS03_AUTHORITY_PRESENT
LEU,t62_sec_ee60f42c7423b84389a5,IDENTITY_LIMITED,True,True,ANCHOR_OVERLAP
LGND,t62_sec_90bb12eba9b07a14dfdc,IDENTITY_LIMITED,True,False,PARTIAL_DS03_AUTHORITY_PRESENT
LLY,t62_sec_6e37e6f8497261678c7c,IDENTITY_LIMITED,True,True,ANCHOR_OVERLAP
LMT,t62_sec_11e3c4ad545c21dd22b5,IDENTITY_LIMITED,True,True,ANCHOR_OVERLAP
LNC,t62_sec_469636b95a3008bced3e,IDENTITY_LIMITED,False,False,PARTIAL_DS03_AUTHORITY_PRESENT
LOW,t62_sec_73f9c54090468c4c70e8,IDENTITY_LIMITED,True,True,ANCHOR_OVERLAP
LPX,t62_sec_b27ea2bde4a5f516d5fe,IDENTITY_LIMITED,True,True,ANCHOR_OVERLAP
LRCX,t62_sec_faada17506e1145a00a8,IDENTITY_LIMITED,True,True,ANCHOR_OVERLAP
LUMN,t62_sec_33d81f964cfbf308d06b,IDENTITY_LIMITED,True,True,ANCHOR_OVERLAP
LUV,t62_sec_c17271fc35967299c919,IDENTITY_LIMITED,True,True,ANCHOR_OVERLAP
MA,t62_sec_72dd3aca61f7b4a15379,IDENTITY_LIMITED,True,True,ANCHOR_OVERLAP
MAR,t62_sec_2b2fcfa122f409cb5f51,IDENTITY_LIMITED,True,True,ANCHOR_OVERLAP
MAS,t62_sec_9b9bea5c4b5895290747,IDENTITY_LIMITED,True,True,ANCHOR_OVERLAP
MAT,t62_sec_eb78cb2dcb5e20f2f679,IDENTITY_LIMITED,True,True,ANCHOR_OVERLAP
MBI,t62_sec_fa982583264ef454af27,IDENTITY_LIMITED,True,False,PARTIAL_DS03_AUTHORITY_PRESENT
MCD,t62_sec_a58f9e375a043786fb9b,IDENTITY_LIMITED,True,True,ANCHOR_OVERLAP
MCHP,t62_sec_65136247bc386e1f1bc8,IDENTITY_LIMITED,False,False,PARTIAL_DS03_AUTHORITY_PRESENT
MCK,t62_sec_47bdfd6e0faa5deb7131,IDENTITY_LIMITED,True,True,ANCHOR_OVERLAP
MCO,t62_sec_5a91718b1508728bff1a,IDENTITY_LIMITED,True,True,ANCHOR_OVERLAP
MDT,t62_sec_54c4bcd34ce54615dfe5,IDENTITY_LIMITED,True,True,ANCHOR_OVERLAP
MET,t62_sec_ab37518a3d5b6373ef59,IDENTITY_LIMITED,True,True,ANCHOR_OVERLAP
META,t62_sec_d43979024eaabde749e3,IDENTITY_LIMITED,True,True,ANCHOR_OVERLAP
MITK,t62_sec_c5214ac4e5013da36c14,IDENTITY_LIMITED,True,False,PARTIAL_DS03_AUTHORITY_PRESENT
MKC,t62_sec_2c11703dc4150861f2a3,IDENTITY_LIMITED,True,True,ANCHOR_OVERLAP
MMM,t62_sec_364d952cae2b0289bb91,IDENTITY_LIMITED,True,True,ANCHOR_OVERLAP
MNST,t62_sec_e6cf9600cc95f7e358e7,IDENTITY_LIMITED,True,True,ANCHOR_OVERLAP
MO,t62_sec_d9410c3c9adc57cd9495,IDENTITY_LIMITED,False,False,PARTIAL_DS03_AUTHORITY_PRESENT
MRK,t62_sec_11c8b3441afe870c76a8,IDENTITY_LIMITED,True,True,ANCHOR_OVERLAP
MRSH,t62_sec_c33ec254e72168feda39,IDENTITY_LIMITED,False,False,PARTIAL_DS03_AUTHORITY_PRESENT
MRVL,t62_sec_fa22f0a0e0c7cb36f71d,IDENTITY_LIMITED,True,True,ANCHOR_OVERLAP
MS,t62_sec_fe975f122a206546326c,IDENTITY_LIMITED,False,False,PARTIAL_DS03_AUTHORITY_PRESENT
MSA,t62_sec_8822ef0da5e3065697d6,IDENTITY_LIMITED,True,False,PARTIAL_DS03_AUTHORITY_PRESENT
MSFT,t62_sec_0798d7119c948cf1c2f1,IDENTITY_LIMITED,True,True,ANCHOR_OVERLAP
MSI,t62_sec_37c9367707b31b038f88,IDENTITY_LIMITED,True,True,ANCHOR_OVERLAP
MTB,t62_sec_43dd6bab4d39d3515a91,IDENTITY_LIMITED,True,True,ANCHOR_OVERLAP
MTG,t62_sec_639972533dca1343e7f5,IDENTITY_LIMITED,False,False,PARTIAL_DS03_AUTHORITY_PRESENT
MU,t62_sec_44665dab8511d6381564,IDENTITY_LIMITED,True,True,ANCHOR_OVERLAP
NBR,t62_sec_9a5c00f84efea8f81998,IDENTITY_LIMITED,True,False,PARTIAL_DS03_AUTHORITY_PRESENT
NEE,t62_sec_f109a39de2d0650e7fff,IDENTITY_LIMITED,True,True,ANCHOR_OVERLAP
NEM,t62_sec_c20ea5e9d62dd4bbc676,IDENTITY_LIMITED,True,True,ANCHOR_OVERLAP
NFLX,t62_sec_e91ac7447118388222cd,IDENTITY_LIMITED,True,True,ANCHOR_OVERLAP
NI,t62_sec_ee2557d1b238f6a83695,IDENTITY_LIMITED,False,False,PARTIAL_DS03_AUTHORITY_PRESENT
NKE,t62_sec_473ead44b5be22390ccb,IDENTITY_LIMITED,True,True,ANCHOR_OVERLAP
NOC,t62_sec_17533c8d23fa64aae156,IDENTITY_LIMITED,True,True,ANCHOR_OVERLAP
NOVT,t62_sec_59d124d29a0a13031992,IDENTITY_LIMITED,True,True,ANCHOR_OVERLAP
NOW,t62_sec_2ef67eac49e070e8fc01,IDENTITY_LIMITED,True,True,ANCHOR_OVERLAP
NSC,t62_sec_b92e8c89e619e63c0436,IDENTITY_LIMITED,True,True,ANCHOR_OVERLAP
NTAP,t62_sec_092f7f86c4998a092a09,IDENTITY_LIMITED,True,True,ANCHOR_OVERLAP
NTRS,t62_sec_eb8fc4202e7590d86e43,IDENTITY_LIMITED,True,True,ANCHOR_OVERLAP
NVDA,t62_sec_4aa40b3597800c1c19fa,IDENTITY_LIMITED,True,True,ANCHOR_OVERLAP
NWL,t62_sec_d5ce2ff00ea6c216ea08,IDENTITY_LIMITED,False,False,PARTIAL_DS03_AUTHORITY_PRESENT
NYT,t62_sec_c162749642f8c32e1721,IDENTITY_LIMITED,True,True,ANCHOR_OVERLAP
ODFL,t62_sec_4727c9a600b93f4a0161,IDENTITY_LIMITED,True,True,ANCHOR_OVERLAP
OMC,t62_sec_df8a6bb8a746e33f4616,IDENTITY_LIMITED,False,False,PARTIAL_DS03_AUTHORITY_PRESENT
ORCL,t62_sec_e21deb3a0428db96bab1,IDENTITY_LIMITED,False,False,PARTIAL_DS03_AUTHORITY_PRESENT
OXY,t62_sec_a6e5d7de51bd4b311afa,IDENTITY_LIMITED,True,True,ANCHOR_OVERLAP
PANW,t62_sec_218e5122c08613224a84,IDENTITY_LIMITED,True,True,ANCHOR_OVERLAP
PAYX,t62_sec_75a4080676778f65e621,IDENTITY_LIMITED,False,False,PARTIAL_DS03_AUTHORITY_PRESENT
PBI,t62_sec_4375cce972cccfeab3f0,IDENTITY_LIMITED,True,False,PARTIAL_DS03_AUTHORITY_PRESENT
PCAR,t62_sec_4a50c6425dcff9f7bdfa,IDENTITY_LIMITED,True,True,ANCHOR_OVERLAP
PEG,t62_sec_8c4085c2edb02a62bec7,IDENTITY_LIMITED,True,True,ANCHOR_OVERLAP
PEP,t62_sec_47effce85bc795d0c7ae,IDENTITY_LIMITED,False,False,PARTIAL_DS03_AUTHORITY_PRESENT
PFE,t62_sec_290402a0ce94ea1e4b2c,IDENTITY_LIMITED,False,False,PARTIAL_DS03_AUTHORITY_PRESENT
PFG,t62_sec_f6a30a6b299af30e6487,IDENTITY_LIMITED,True,True,ANCHOR_OVERLAP
PG,t62_sec_749c479944d4b23305f9,IDENTITY_LIMITED,False,False,PARTIAL_DS03_AUTHORITY_PRESENT
PGR,t62_sec_97a308aa34c307934793,IDENTITY_LIMITED,True,True,ANCHOR_OVERLAP
PH,t62_sec_0263329a18d5551d1276,IDENTITY_LIMITED,True,True,ANCHOR_OVERLAP
PHM,t62_sec_030d676c0205c5a8cbf0,IDENTITY_LIMITED,True,True,ANCHOR_OVERLAP
PLD,t62_sec_3c4706660a20400f6716,IDENTITY_LIMITED,True,True,ANCHOR_OVERLAP
PNC,t62_sec_46dfd2748e2cb70435ab,IDENTITY_LIMITED,False,False,PARTIAL_DS03_AUTHORITY_PRESENT
PNW,t62_sec_b0b6993d232d84f06baf,IDENTITY_LIMITED,False,False,PARTIAL_DS03_AUTHORITY_PRESENT
PPG,t62_sec_6f049b984b06c67d99b9,IDENTITY_LIMITED,False,False,PARTIAL_DS03_AUTHORITY_PRESENT
PPL,t62_sec_f2c6e8929db8efc0ecc0,IDENTITY_LIMITED,True,True,ANCHOR_OVERLAP
PPLI,t62_sec_ffea6d4bf798cf56c83c,IDENTITY_LIMITED,True,False,PARTIAL_DS03_AUTHORITY_PRESENT
PRDO,t62_sec_5b72c0df16c0f6e3c126,IDENTITY_LIMITED,True,False,PARTIAL_DS03_AUTHORITY_PRESENT
PRU,t62_sec_b7f468abdbe0ffc26668,IDENTITY_LIMITED,False,False,PARTIAL_DS03_AUTHORITY_PRESENT
PTEN,t62_sec_c1fbd226f80973619ae1,IDENTITY_LIMITED,True,True,ANCHOR_OVERLAP
QCOM,t62_sec_1a9e3bd1ee7a9ff50a5a,IDENTITY_LIMITED,True,True,ANCHOR_OVERLAP
QQQ,t62_sec_76d7ae4ce21a3fd96a0e,IDENTITY_LIMITED,True,True,ANCHOR_OVERLAP
R,t62_sec_cce86f4a03b8fe5d5433,IDENTITY_LIMITED,True,True,ANCHOR_OVERLAP
RAVE,t62_sec_fdaa951318526fff27cb,IDENTITY_LIMITED,False,False,PARTIAL_DS03_AUTHORITY_PRESENT
RF,t62_sec_ccb2ca6b79585f6ebf57,IDENTITY_LIMITED,True,True,ANCHOR_OVERLAP
RHI,t62_sec_e805dd135f0d30cba576,IDENTITY_LIMITED,True,True,ANCHOR_OVERLAP
RIG,t62_sec_ffba4663fb5bbd57fe66,IDENTITY_LIMITED,True,True,ANCHOR_OVERLAP
RIO,t62_sec_a7b6c9666f6ad3982580,IDENTITY_LIMITED,True,True,ANCHOR_OVERLAP
ROK,t62_sec_d4d71280fed4f9747744,IDENTITY_LIMITED,True,True,ANCHOR_OVERLAP
ROST,t62_sec_5617fc32c194025a87f0,IDENTITY_LIMITED,True,True,ANCHOR_OVERLAP
RTX,t62_sec_34bedf48f67cee2c616e,IDENTITY_LIMITED,True,True,ANCHOR_OVERLAP
RVTY,t62_sec_d4ca501dbc2dc8945b8d,IDENTITY_LIMITED,True,True,ANCHOR_OVERLAP
RYAAY,t62_sec_bc6df012003650898b5f,IDENTITY_LIMITED,True,True,ANCHOR_OVERLAP
SANM,t62_sec_ece9aa67462c5b765ea1,IDENTITY_LIMITED,True,True,ANCHOR_OVERLAP
SBRA,t62_sec_d71db43e83b423ea6b1a,IDENTITY_LIMITED,False,False,PARTIAL_DS03_AUTHORITY_PRESENT
SBUX,t62_sec_dc46a2a858cb11faacea,IDENTITY_LIMITED,True,True,ANCHOR_OVERLAP
SCHW,t62_sec_2d4a3d2956eb4defff90,IDENTITY_LIMITED,True,True,ANCHOR_OVERLAP
SEB,t62_sec_f7b92b7917188b82c495,IDENTITY_LIMITED,True,False,PARTIAL_DS03_AUTHORITY_PRESENT
SHW,t62_sec_927c1d00deab607709bc,IDENTITY_LIMITED,True,True,ANCHOR_OVERLAP
SLB,t62_sec_ff1bc83ec7d7637dc107,IDENTITY_LIMITED,True,True,ANCHOR_OVERLAP
SLM,t62_sec_5edbd69ff3d80419594a,IDENTITY_LIMITED,True,True,ANCHOR_OVERLAP
SMFG,t62_sec_78a4df8b9214ce93826a,IDENTITY_LIMITED,True,False,PARTIAL_DS03_AUTHORITY_PRESENT
SNA,t62_sec_0b55d8a17e1f4c44cbf7,IDENTITY_LIMITED,True,True,ANCHOR_OVERLAP
SNPS,t62_sec_ffc65aa9b11ad5368326,IDENTITY_LIMITED,True,True,ANCHOR_OVERLAP
SO,t62_sec_6b1c840808fb3ef50bbd,IDENTITY_LIMITED,True,True,ANCHOR_OVERLAP
SPG,t62_sec_db5fd56cbb8ec2b3842b,IDENTITY_LIMITED,False,False,PARTIAL_DS03_AUTHORITY_PRESENT
SPGI,t62_sec_7d50af6e978bfdbe0343,IDENTITY_LIMITED,True,True,ANCHOR_OVERLAP
SPY,t62_sec_84ef9db8eadb88488f26,IDENTITY_LIMITED,True,True,ANCHOR_OVERLAP
SRE,t62_sec_affe6508222d52f5c4a3,IDENTITY_LIMITED,True,True,ANCHOR_OVERLAP
STT,t62_sec_b6a92d0471cc77123c03,IDENTITY_LIMITED,True,True,ANCHOR_OVERLAP
SWK,t62_sec_9863ab1e31e5afc3f877,IDENTITY_LIMITED,False,False,PARTIAL_DS03_AUTHORITY_PRESENT
SYK,t62_sec_86671a49e343b27ed5ce,IDENTITY_LIMITED,True,True,ANCHOR_OVERLAP
SYY,t62_sec_9153a433a40032fc0fe4,IDENTITY_LIMITED,True,True,ANCHOR_OVERLAP
T,t62_sec_a0f81bc5d95a273b3c04,IDENTITY_LIMITED,False,False,PARTIAL_DS03_AUTHORITY_PRESENT
TER,t62_sec_8f79c2d5e60ac4a02f19,IDENTITY_LIMITED,True,True,ANCHOR_OVERLAP
TEVA,t62_sec_2ae51e95164a355d6a28,IDENTITY_LIMITED,True,True,ANCHOR_OVERLAP
TFC,t62_sec_d75f060e597d23a857b0,IDENTITY_LIMITED,False,False,PARTIAL_DS03_AUTHORITY_PRESENT
TGT,t62_sec_cd24011620bbab1f89df,IDENTITY_LIMITED,True,True,ANCHOR_OVERLAP
THC,t62_sec_5d924480a8aa0531f821,IDENTITY_LIMITED,True,True,ANCHOR_OVERLAP
TJX,t62_sec_965313f74bd4db32449b,IDENTITY_LIMITED,True,True,ANCHOR_OVERLAP
TKO,t62_sec_cc4867d56a1ee95a9830,IDENTITY_LIMITED,True,True,ANCHOR_OVERLAP
TLT,t62_sec_f6332e26cf148736d97e,IDENTITY_LIMITED,False,False,PARTIAL_DS03_AUTHORITY_PRESENT
TMO,t62_sec_1f56fdb265d3eea89238,IDENTITY_LIMITED,True,True,ANCHOR_OVERLAP
TROW,t62_sec_55af8f6ebf89b76b091d,IDENTITY_LIMITED,False,False,PARTIAL_DS03_AUTHORITY_PRESENT
TSLA,t62_sec_4b9b907cd80f562e8041,IDENTITY_LIMITED,True,True,ANCHOR_OVERLAP
TT,t62_sec_1c2270009d66a012fef3,IDENTITY_LIMITED,True,True,ANCHOR_OVERLAP
TXN,t62_sec_3cff5b6ee0a0099b98a5,IDENTITY_LIMITED,False,False,PARTIAL_DS03_AUTHORITY_PRESENT
TXT,t62_sec_51c01f34a82a5c55a0ce,IDENTITY_LIMITED,True,True,ANCHOR_OVERLAP
UIS,t62_sec_478085cb39e400e211d2,IDENTITY_LIMITED,True,False,PARTIAL_DS03_AUTHORITY_PRESENT
UNH,t62_sec_4fe0b5f86845f2368358,IDENTITY_LIMITED,True,True,ANCHOR_OVERLAP
UNM,t62_sec_860a259752c2941a505b,IDENTITY_LIMITED,False,False,PARTIAL_DS03_AUTHORITY_PRESENT
UNP,t62_sec_44aa53d36fc584229d61,IDENTITY_LIMITED,True,True,ANCHOR_OVERLAP
UPS,t62_sec_a929dafc71be46e9168b,IDENTITY_LIMITED,False,False,PARTIAL_DS03_AUTHORITY_PRESENT
UTF,t62_sec_f70dab8716acf0d8aa58,IDENTITY_LIMITED,False,False,PARTIAL_DS03_AUTHORITY_PRESENT
V,t62_sec_202cf28abf7a733969d0,IDENTITY_LIMITED,True,True,ANCHOR_OVERLAP
VFC,t62_sec_29eaafbd5bf564c8aed9,IDENTITY_LIMITED,True,True,ANCHOR_OVERLAP
VIAV,t62_sec_9405360e81fc1a161197,IDENTITY_LIMITED,True,True,ANCHOR_OVERLAP
VMC,t62_sec_06e64f79ee8821f05e32,IDENTITY_LIMITED,True,True,ANCHOR_OVERLAP
VNQ,t62_sec_f16f90b74069f6139183,IDENTITY_LIMITED,True,True,ANCHOR_OVERLAP
VRSN,t62_sec_fa8bdc831f0a55df1973,IDENTITY_LIMITED,True,True,ANCHOR_OVERLAP
VYX,t62_sec_6598746c4ef4d087adf3,IDENTITY_LIMITED,True,False,PARTIAL_DS03_AUTHORITY_PRESENT
VZ,t62_sec_0073cafd12e21df4c2c1,IDENTITY_LIMITED,False,False,PARTIAL_DS03_AUTHORITY_PRESENT
WAT,t62_sec_44e15e183476577f2b3b,IDENTITY_LIMITED,True,True,ANCHOR_OVERLAP
WEC,t62_sec_6d60a1321e9296ba44ff,IDENTITY_LIMITED,True,True,ANCHOR_OVERLAP
WEN,t62_sec_97b56d431f25687de97a,IDENTITY_LIMITED,False,False,PARTIAL_DS03_AUTHORITY_PRESENT
WFC,t62_sec_ad15c85e11356e3be24a,IDENTITY_LIMITED,False,False,PARTIAL_DS03_AUTHORITY_PRESENT
WHR,t62_sec_47ba0f9415cfd7c2fa53,IDENTITY_LIMITED,True,True,ANCHOR_OVERLAP
WMB,t62_sec_ed86c480304a35a908ce,IDENTITY_LIMITED,True,True,ANCHOR_OVERLAP
WMT,t62_sec_d36fa47263709745a227,IDENTITY_LIMITED,True,True,ANCHOR_OVERLAP
WOR,t62_sec_ee9fbb818451501c6660,IDENTITY_LIMITED,True,False,PARTIAL_DS03_AUTHORITY_PRESENT
WWD,t62_sec_cc2bef8900d34b6b438c,IDENTITY_LIMITED,True,True,ANCHOR_OVERLAP
WY,t62_sec_16d5c62f2857931b2188,IDENTITY_LIMITED,True,True,ANCHOR_OVERLAP
XEL,t62_sec_d43d7e843babd123757b,IDENTITY_LIMITED,True,True,ANCHOR_OVERLAP
XLB,t62_sec_1aaa73c0e5dcec1b70e6,IDENTITY_LIMITED,True,True,ANCHOR_OVERLAP
XLE,t62_sec_539a91e35ba390b7f9c0,IDENTITY_LIMITED,True,True,ANCHOR_OVERLAP
XLF,t62_sec_eabef7e4fb9bc72b7846,IDENTITY_LIMITED,True,True,ANCHOR_OVERLAP
XLI,t62_sec_e906308dfdf7e949b6f0,IDENTITY_LIMITED,True,True,ANCHOR_OVERLAP
XLK,t62_sec_d73acf575b37d2e9d722,IDENTITY_LIMITED,True,True,ANCHOR_OVERLAP
XLP,t62_sec_3e214bcb20b335de4465,IDENTITY_LIMITED,True,True,ANCHOR_OVERLAP
XLU,t62_sec_dbb6767ec4a8fa4ef6a2,IDENTITY_LIMITED,True,True,ANCHOR_OVERLAP
XLV,t62_sec_277ea9c633ef953432e9,IDENTITY_LIMITED,True,True,ANCHOR_OVERLAP
XLY,t62_sec_e6259a966ea60a041e31,IDENTITY_LIMITED,True,True,ANCHOR_OVERLAP
XOM,t62_sec_089bd0f7d8eafc56d04d,IDENTITY_LIMITED,True,True,ANCHOR_OVERLAP
XOMA,t62_sec_49f849bcfe547541f0d9,IDENTITY_LIMITED,False,False,PARTIAL_DS03_AUTHORITY_PRESENT
XRAY,t62_sec_d025c6e1d52f9eea1a02,IDENTITY_LIMITED,True,False,PARTIAL_DS03_AUTHORITY_PRESENT
XRX,t62_sec_016dbd1af3ce0600beba,IDENTITY_LIMITED,True,False,PARTIAL_DS03_AUTHORITY_PRESENT
YUM,t62_sec_ee3887f38203ccc2999f,IDENTITY_LIMITED,True,True,ANCHOR_OVERLAP
ZBH,t62_sec_419cb5ecf93b62cfbd57,IDENTITY_LIMITED,True,True,ANCHOR_OVERLAP
ZION,t62_sec_d4d862f4057beef09e42,IDENTITY_LIMITED,True,True,ANCHOR_OVERLAP
