observed_symbol,classification,research_rows_admitted_by_C2
A,ANCHOR_SYMBOL_EXISTING_NOT_NEW,0
AA,ANCHOR_SYMBOL_EXISTING_NOT_NEW,0
AAON,ANCHOR_SYMBOL_EXISTING_NOT_NEW,0
AAP,IDENTITY_LIMITED_OR_LIQUIDITY_INELIGIBLE,0
AAPL,ANCHOR_SYMBOL_EXISTING_NOT_NEW,0
AB,PARTIALLY_ADMITTED_DS03_ONLY_C2_NOT_ACCEPTED,0
ABBV,IDENTITY_LIMITED_OR_LIQUIDITY_INELIGIBLE,0
ABCB,PARTIALLY_ADMITTED_DS03_ONLY_C2_NOT_ACCEPTED,0
ABG,PARTIALLY_ADMITTED_DS03_ONLY_C2_NOT_ACCEPTED,0
ABM,PARTIALLY_ADMITTED_DS03_ONLY_C2_NOT_ACCEPTED,0
ABR,PARTIALLY_ADMITTED_DS03_ONLY_C2_NOT_ACCEPTED,0
ABT,IDENTITY_LIMITED_OR_LIQUIDITY_INELIGIBLE,0
ACGL,ANCHOR_SYMBOL_EXISTING_NOT_NEW,0
ACH,PARTIALLY_ADMITTED_DS03_ONLY_C2_NOT_ACCEPTED,0
ACIW,PARTIALLY_ADMITTED_DS03_ONLY_C2_NOT_ACCEPTED,0
ACLS,ANCHOR_SYMBOL_EXISTING_NOT_NEW,0
ACN,ANCHOR_SYMBOL_EXISTING_NOT_NEW,0
ACTG,PARTIALLY_ADMITTED_DS03_ONLY_C2_NOT_ACCEPTED,0
AD,PARTIALLY_ADMITTED_DS03_ONLY_C2_NOT_ACCEPTED,0
ADBE,ANCHOR_SYMBOL_EXISTING_NOT_NEW,0
ADC,IDENTITY_LIMITED_OR_LIQUIDITY_INELIGIBLE,0
ADEA,PARTIALLY_ADMITTED_DS03_ONLY_C2_NOT_ACCEPTED,0
ADI,ANCHOR_SYMBOL_EXISTING_NOT_NEW,0
ADM,ANCHOR_SYMBOL_EXISTING_NOT_NEW,0
ADP,ANCHOR_SYMBOL_EXISTING_NOT_NEW,0
ADSK,ANCHOR_SYMBOL_EXISTING_NOT_NEW,0
ADTN,PARTIALLY_ADMITTED_DS03_ONLY_C2_NOT_ACCEPTED,0
ADX,IDENTITY_LIMITED_OR_LIQUIDITY_INELIGIBLE,0
AEE,ANCHOR_SYMBOL_EXISTING_NOT_NEW,0
AEF,IDENTITY_LIMITED_OR_LIQUIDITY_INELIGIBLE,0
AEG,PARTIALLY_ADMITTED_DS03_ONLY_C2_NOT_ACCEPTED,0
AEIS,ANCHOR_SYMBOL_EXISTING_NOT_NEW,0
AEM,ANCHOR_SYMBOL_EXISTING_NOT_NEW,0
AEO,ANCHOR_SYMBOL_EXISTING_NOT_NEW,0
AEP,IDENTITY_LIMITED_OR_LIQUIDITY_INELIGIBLE,0
AES,IDENTITY_LIMITED_OR_LIQUIDITY_INELIGIBLE,0
AFB,IDENTITY_LIMITED_OR_LIQUIDITY_INELIGIBLE,0
AFG,IDENTITY_LIMITED_OR_LIQUIDITY_INELIGIBLE,0
AFL,ANCHOR_SYMBOL_EXISTING_NOT_NEW,0
AGCO,ANCHOR_SYMBOL_EXISTING_NOT_NEW,0
AGEN,PARTIALLY_ADMITTED_DS03_ONLY_C2_NOT_ACCEPTED,0
AGM,PARTIALLY_ADMITTED_DS03_ONLY_C2_NOT_ACCEPTED,0
AGO,IDENTITY_LIMITED_OR_LIQUIDITY_INELIGIBLE,0
AGYS,PARTIALLY_ADMITTED_DS03_ONLY_C2_NOT_ACCEPTED,0
AHT,PARTIALLY_ADMITTED_DS03_ONLY_C2_NOT_ACCEPTED,0
AIG,ANCHOR_SYMBOL_EXISTING_NOT_NEW,0
AIN,PARTIALLY_ADMITTED_DS03_ONLY_C2_NOT_ACCEPTED,0
AIR,PARTIALLY_ADMITTED_DS03_ONLY_C2_NOT_ACCEPTED,0
AIT,ANCHOR_SYMBOL_EXISTING_NOT_NEW,0
AIV,PARTIALLY_ADMITTED_DS03_ONLY_C2_NOT_ACCEPTED,0
AIZ,ANCHOR_SYMBOL_EXISTING_NOT_NEW,0
AJG,ANCHOR_SYMBOL_EXISTING_NOT_NEW,0
AKAM,ANCHOR_SYMBOL_EXISTING_NOT_NEW,0
AKR,PARTIALLY_ADMITTED_DS03_ONLY_C2_NOT_ACCEPTED,0
ALB,ANCHOR_SYMBOL_EXISTING_NOT_NEW,0
ALGN,ANCHOR_SYMBOL_EXISTING_NOT_NEW,0
ALK,ANCHOR_SYMBOL_EXISTING_NOT_NEW,0
ALL,ANCHOR_SYMBOL_EXISTING_NOT_NEW,0
ALV,ANCHOR_SYMBOL_EXISTING_NOT_NEW,0
AMAT,ANCHOR_SYMBOL_EXISTING_NOT_NEW,0
AMD,ANCHOR_SYMBOL_EXISTING_NOT_NEW,0
AME,ANCHOR_SYMBOL_EXISTING_NOT_NEW,0
AMG,ANCHOR_SYMBOL_EXISTING_NOT_NEW,0
AMGN,ANCHOR_SYMBOL_EXISTING_NOT_NEW,0
AMKR,ANCHOR_SYMBOL_EXISTING_NOT_NEW,0
AMN,PARTIALLY_ADMITTED_DS03_ONLY_C2_NOT_ACCEPTED,0
AMSC,ANCHOR_SYMBOL_EXISTING_NOT_NEW,0
AMT,IDENTITY_LIMITED_OR_LIQUIDITY_INELIGIBLE,0
AMX,PARTIALLY_ADMITTED_DS03_ONLY_C2_NOT_ACCEPTED,0
AMZN,ANCHOR_SYMBOL_EXISTING_NOT_NEW,0
AN,ANCHOR_SYMBOL_EXISTING_NOT_NEW,0
ANDE,PARTIALLY_ADMITTED_DS03_ONLY_C2_NOT_ACCEPTED,0
ANF,ANCHOR_SYMBOL_EXISTING_NOT_NEW,0
ANGO,PARTIALLY_ADMITTED_DS03_ONLY_C2_NOT_ACCEPTED,0
ANIK,PARTIALLY_ADMITTED_DS03_ONLY_C2_NOT_ACCEPTED,0
ANIP,PARTIALLY_ADMITTED_DS03_ONLY_C2_NOT_ACCEPTED,0
ANIX,IDENTITY_LIMITED_OR_LIQUIDITY_INELIGIBLE,0
AON,ANCHOR_SYMBOL_EXISTING_NOT_NEW,0
AOS,IDENTITY_LIMITED_OR_LIQUIDITY_INELIGIBLE,0
APA,IDENTITY_LIMITED_OR_LIQUIDITY_INELIGIBLE,0
APD,ANCHOR_SYMBOL_EXISTING_NOT_NEW,0
APH,ANCHOR_SYMBOL_EXISTING_NOT_NEW,0
APOG,PARTIALLY_ADMITTED_DS03_ONLY_C2_NOT_ACCEPTED,0
APT,PARTIALLY_ADMITTED_DS03_ONLY_C2_NOT_ACCEPTED,0
ARCB,PARTIALLY_ADMITTED_DS03_ONLY_C2_NOT_ACCEPTED,0
ARCC,ANCHOR_SYMBOL_EXISTING_NOT_NEW,0
ARLP,PARTIALLY_ADMITTED_DS03_ONLY_C2_NOT_ACCEPTED,0
ARMP,IDENTITY_LIMITED_OR_LIQUIDITY_INELIGIBLE,0
AROW,IDENTITY_LIMITED_OR_LIQUIDITY_INELIGIBLE,0
ARW,ANCHOR_SYMBOL_EXISTING_NOT_NEW,0
ASA,IDENTITY_LIMITED_OR_LIQUIDITY_INELIGIBLE,0
ASG,IDENTITY_LIMITED_OR_LIQUIDITY_INELIGIBLE,0
ASH,PARTIALLY_ADMITTED_DS03_ONLY_C2_NOT_ACCEPTED,0
ASML,ANCHOR_SYMBOL_EXISTING_NOT_NEW,0
ASR,IDENTITY_LIMITED_OR_LIQUIDITY_INELIGIBLE,0
ASTE,PARTIALLY_ADMITTED_DS03_ONLY_C2_NOT_ACCEPTED,0
ATI,ANCHOR_SYMBOL_EXISTING_NOT_NEW,0
ATO,ANCHOR_SYMBOL_EXISTING_NOT_NEW,0
ATR,ANCHOR_SYMBOL_EXISTING_NOT_NEW,0
ATRO,PARTIALLY_ADMITTED_DS03_ONLY_C2_NOT_ACCEPTED,0
AU,IDENTITY_LIMITED_OR_LIQUIDITY_INELIGIBLE,0
AUB,PARTIALLY_ADMITTED_DS03_ONLY_C2_NOT_ACCEPTED,0
AUDC,PARTIALLY_ADMITTED_DS03_ONLY_C2_NOT_ACCEPTED,0
AVA,IDENTITY_LIMITED_OR_LIQUIDITY_INELIGIBLE,0
AVD,PARTIALLY_ADMITTED_DS03_ONLY_C2_NOT_ACCEPTED,0
AVGO,ANCHOR_SYMBOL_EXISTING_NOT_NEW,0
AVK,IDENTITY_LIMITED_OR_LIQUIDITY_INELIGIBLE,0
AVNT,PARTIALLY_ADMITTED_DS03_ONLY_C2_NOT_ACCEPTED,0
AVT,ANCHOR_SYMBOL_EXISTING_NOT_NEW,0
AVY,ANCHOR_SYMBOL_EXISTING_NOT_NEW,0
AWF,IDENTITY_LIMITED_OR_LIQUIDITY_INELIGIBLE,0
AWR,PARTIALLY_ADMITTED_DS03_ONLY_C2_NOT_ACCEPTED,0
AXGN,PARTIALLY_ADMITTED_DS03_ONLY_C2_NOT_ACCEPTED,0
AXON,ANCHOR_SYMBOL_EXISTING_NOT_NEW,0
AXP,ANCHOR_SYMBOL_EXISTING_NOT_NEW,0
AXS,ANCHOR_SYMBOL_EXISTING_NOT_NEW,0
AXTI,ANCHOR_SYMBOL_EXISTING_NOT_NEW,0
AYI,ANCHOR_SYMBOL_EXISTING_NOT_NEW,0
AZN,ANCHOR_SYMBOL_EXISTING_NOT_NEW,0
AZO,ANCHOR_SYMBOL_EXISTING_NOT_NEW,0
AZTA,PARTIALLY_ADMITTED_DS03_ONLY_C2_NOT_ACCEPTED,0
B,ANCHOR_SYMBOL_EXISTING_NOT_NEW,0
BA,ANCHOR_SYMBOL_EXISTING_NOT_NEW,0
BAC,ANCHOR_SYMBOL_EXISTING_NOT_NEW,0
BALL,ANCHOR_SYMBOL_EXISTING_NOT_NEW,0
BANF,PARTIALLY_ADMITTED_DS03_ONLY_C2_NOT_ACCEPTED,0
BAX,ANCHOR_SYMBOL_EXISTING_NOT_NEW,0
BB,ANCHOR_SYMBOL_EXISTING_NOT_NEW,0
BBAR,IDENTITY_LIMITED_OR_LIQUIDITY_INELIGIBLE,0
BBBY,PARTIALLY_ADMITTED_DS03_ONLY_C2_NOT_ACCEPTED,0
BBD,IDENTITY_LIMITED_OR_LIQUIDITY_INELIGIBLE,0
BBSI,PARTIALLY_ADMITTED_DS03_ONLY_C2_NOT_ACCEPTED,0
BBT,IDENTITY_LIMITED_OR_LIQUIDITY_INELIGIBLE,0
BBVA,PARTIALLY_ADMITTED_DS03_ONLY_C2_NOT_ACCEPTED,0
BBW,PARTIALLY_ADMITTED_DS03_ONLY_C2_NOT_ACCEPTED,0
BBWI,IDENTITY_LIMITED_OR_LIQUIDITY_INELIGIBLE,0
BBY,IDENTITY_LIMITED_OR_LIQUIDITY_INELIGIBLE,0
BC,ANCHOR_SYMBOL_EXISTING_NOT_NEW,0
BCE,IDENTITY_LIMITED_OR_LIQUIDITY_INELIGIBLE,0
BCO,PARTIALLY_ADMITTED_DS03_ONLY_C2_NOT_ACCEPTED,0
BCPC,PARTIALLY_ADMITTED_DS03_ONLY_C2_NOT_ACCEPTED,0
BCRX,PARTIALLY_ADMITTED_DS03_ONLY_C2_NOT_ACCEPTED,0
BCS,ANCHOR_SYMBOL_EXISTING_NOT_NEW,0
BCV,IDENTITY_LIMITED_OR_LIQUIDITY_INELIGIBLE,0
BDC,PARTIALLY_ADMITTED_DS03_ONLY_C2_NOT_ACCEPTED,0
BDN,PARTIALLY_ADMITTED_DS03_ONLY_C2_NOT_ACCEPTED,0
BDX,ANCHOR_SYMBOL_EXISTING_NOT_NEW,0
BELFB,PARTIALLY_ADMITTED_DS03_ONLY_C2_NOT_ACCEPTED,0
BFH,ANCHOR_SYMBOL_EXISTING_NOT_NEW,0
BFS,IDENTITY_LIMITED_OR_LIQUIDITY_INELIGIBLE,0
BG,ANCHOR_SYMBOL_EXISTING_NOT_NEW,0
BGC,PARTIALLY_ADMITTED_DS03_ONLY_C2_NOT_ACCEPTED,0
BGR,IDENTITY_LIMITED_OR_LIQUIDITY_INELIGIBLE,0
BGT,IDENTITY_LIMITED_OR_LIQUIDITY_INELIGIBLE,0
BH,IDENTITY_LIMITED_OR_LIQUIDITY_INELIGIBLE,0
BHC,PARTIALLY_ADMITTED_DS03_ONLY_C2_NOT_ACCEPTED,0
BHE,PARTIALLY_ADMITTED_DS03_ONLY_C2_NOT_ACCEPTED,0
BHK,IDENTITY_LIMITED_OR_LIQUIDITY_INELIGIBLE,0
BHP,ANCHOR_SYMBOL_EXISTING_NOT_NEW,0
BIIB,ANCHOR_SYMBOL_EXISTING_NOT_NEW,0
BIO,ANCHOR_SYMBOL_EXISTING_NOT_NEW,0
BJRI,PARTIALLY_ADMITTED_DS03_ONLY_C2_NOT_ACCEPTED,0
BKE,IDENTITY_LIMITED_OR_LIQUIDITY_INELIGIBLE,0
BKH,ANCHOR_SYMBOL_EXISTING_NOT_NEW,0
BKNG,ANCHOR_SYMBOL_EXISTING_NOT_NEW,0
BKT,IDENTITY_LIMITED_OR_LIQUIDITY_INELIGIBLE,0
BLDP,PARTIALLY_ADMITTED_DS03_ONLY_C2_NOT_ACCEPTED,0
BLK,ANCHOR_SYMBOL_EXISTING_NOT_NEW,0
BLKB,PARTIALLY_ADMITTED_DS03_ONLY_C2_NOT_ACCEPTED,0
BLW,IDENTITY_LIMITED_OR_LIQUIDITY_INELIGIBLE,0
BLX,IDENTITY_LIMITED_OR_LIQUIDITY_INELIGIBLE,0
BMI,ANCHOR_SYMBOL_EXISTING_NOT_NEW,0
BMO,IDENTITY_LIMITED_OR_LIQUIDITY_INELIGIBLE,0
BMY,IDENTITY_LIMITED_OR_LIQUIDITY_INELIGIBLE,0
BN,ANCHOR_SYMBOL_EXISTING_NOT_NEW,0
BNBX,PARTIALLY_ADMITTED_DS03_ONLY_C2_NOT_ACCEPTED,0
BNS,ANCHOR_SYMBOL_EXISTING_NOT_NEW,0
BNY,ANCHOR_SYMBOL_EXISTING_NOT_NEW,0
BOH,PARTIALLY_ADMITTED_DS03_ONLY_C2_NOT_ACCEPTED,0
BOKF,PARTIALLY_ADMITTED_DS03_ONLY_C2_NOT_ACCEPTED,0
BOOM,PARTIALLY_ADMITTED_DS03_ONLY_C2_NOT_ACCEPTED,0
BP,IDENTITY_LIMITED_OR_LIQUIDITY_INELIGIBLE,0
BPOP,ANCHOR_SYMBOL_EXISTING_NOT_NEW,0
BRC,IDENTITY_LIMITED_OR_LIQUIDITY_INELIGIBLE,0
BRK-A,ELIGIBILITY_AUTHORITY_MISSING,0
BRK-B,ELIGIBILITY_AUTHORITY_MISSING,0
BRKR,ANCHOR_SYMBOL_EXISTING_NOT_NEW,0
BRO,ANCHOR_SYMBOL_EXISTING_NOT_NEW,0
BRW,IDENTITY_LIMITED_OR_LIQUIDITY_INELIGIBLE,0
BSAC,PARTIALLY_ADMITTED_DS03_ONLY_C2_NOT_ACCEPTED,0
BSET,IDENTITY_LIMITED_OR_LIQUIDITY_INELIGIBLE,0
BSX,ANCHOR_SYMBOL_EXISTING_NOT_NEW,0
BTI,ANCHOR_SYMBOL_EXISTING_NOT_NEW,0
BTO,IDENTITY_LIMITED_OR_LIQUIDITY_INELIGIBLE,0
BVN,PARTIALLY_ADMITTED_DS03_ONLY_C2_NOT_ACCEPTED,0
BWA,ANCHOR_SYMBOL_EXISTING_NOT_NEW,0
BXP,ANCHOR_SYMBOL_EXISTING_NOT_NEW,0
BYD,ANCHOR_SYMBOL_EXISTING_NOT_NEW,0
BZH,PARTIALLY_ADMITTED_DS03_ONLY_C2_NOT_ACCEPTED,0
C,ANCHOR_SYMBOL_EXISTING_NOT_NEW,0
CAC,IDENTITY_LIMITED_OR_LIQUIDITY_INELIGIBLE,0
CACI,ANCHOR_SYMBOL_EXISTING_NOT_NEW,0
CAE,PARTIALLY_ADMITTED_DS03_ONLY_C2_NOT_ACCEPTED,0
CAG,ANCHOR_SYMBOL_EXISTING_NOT_NEW,0
CAH,ANCHOR_SYMBOL_EXISTING_NOT_NEW,0
CAKE,ANCHOR_SYMBOL_EXISTING_NOT_NEW,0
CAL,PARTIALLY_ADMITTED_DS03_ONLY_C2_NOT_ACCEPTED,0
CALM,ANCHOR_SYMBOL_EXISTING_NOT_NEW,0
CALY,PARTIALLY_ADMITTED_DS03_ONLY_C2_NOT_ACCEPTED,0
CAR,ANCHOR_SYMBOL_EXISTING_NOT_NEW,0
CASY,ANCHOR_SYMBOL_EXISTING_NOT_NEW,0
CAT,ANCHOR_SYMBOL_EXISTING_NOT_NEW,0
CATO,IDENTITY_LIMITED_OR_LIQUIDITY_INELIGIBLE,0
CATY,PARTIALLY_ADMITTED_DS03_ONLY_C2_NOT_ACCEPTED,0
CB,ANCHOR_SYMBOL_EXISTING_NOT_NEW,0
CBRE,ANCHOR_SYMBOL_EXISTING_NOT_NEW,0
CBRL,IDENTITY_LIMITED_OR_LIQUIDITY_INELIGIBLE,0
CBSH,ANCHOR_SYMBOL_EXISTING_NOT_NEW,0
CBT,PARTIALLY_ADMITTED_DS03_ONLY_C2_NOT_ACCEPTED,0
CBU,PARTIALLY_ADMITTED_DS03_ONLY_C2_NOT_ACCEPTED,0
CBZ,PARTIALLY_ADMITTED_DS03_ONLY_C2_NOT_ACCEPTED,0
CCBG,IDENTITY_LIMITED_OR_LIQUIDITY_INELIGIBLE,0
CCEP,IDENTITY_LIMITED_OR_LIQUIDITY_INELIGIBLE,0
CCI,IDENTITY_LIMITED_OR_LIQUIDITY_INELIGIBLE,0
CCK,ANCHOR_SYMBOL_EXISTING_NOT_NEW,0
CCL,ANCHOR_SYMBOL_EXISTING_NOT_NEW,0
CCOI,PARTIALLY_ADMITTED_DS03_ONLY_C2_NOT_ACCEPTED,0
CCRN,PARTIALLY_ADMITTED_DS03_ONLY_C2_NOT_ACCEPTED,0
CCU,IDENTITY_LIMITED_OR_LIQUIDITY_INELIGIBLE,0
CDE,ANCHOR_SYMBOL_EXISTING_NOT_NEW,0
CDNS,ANCHOR_SYMBOL_EXISTING_NOT_NEW,0
CDP,PARTIALLY_ADMITTED_DS03_ONLY_C2_NOT_ACCEPTED,0
CE,ANCHOR_SYMBOL_EXISTING_NOT_NEW,0
CECO,PARTIALLY_ADMITTED_DS03_ONLY_C2_NOT_ACCEPTED,0
CFFN,IDENTITY_LIMITED_OR_LIQUIDITY_INELIGIBLE,0
CHKP,ANCHOR_SYMBOL_EXISTING_NOT_NEW,0
CHRW,ANCHOR_SYMBOL_EXISTING_NOT_NEW,0
CHT,PARTIALLY_ADMITTED_DS03_ONLY_C2_NOT_ACCEPTED,0
CI,ANCHOR_SYMBOL_EXISTING_NOT_NEW,0
CIEN,ANCHOR_SYMBOL_EXISTING_NOT_NEW,0
CINF,ANCHOR_SYMBOL_EXISTING_NOT_NEW,0
CL,IDENTITY_LIMITED_OR_LIQUIDITY_INELIGIBLE,0
CLX,IDENTITY_LIMITED_OR_LIQUIDITY_INELIGIBLE,0
CMCSA,ANCHOR_SYMBOL_EXISTING_NOT_NEW,0
CMI,ANCHOR_SYMBOL_EXISTING_NOT_NEW,0
CMS,IDENTITY_LIMITED_OR_LIQUIDITY_INELIGIBLE,0
CNP,ANCHOR_SYMBOL_EXISTING_NOT_NEW,0
COF,ANCHOR_SYMBOL_EXISTING_NOT_NEW,0
COP,IDENTITY_LIMITED_OR_LIQUIDITY_INELIGIBLE,0
COR,ANCHOR_SYMBOL_EXISTING_NOT_NEW,0
COST,ANCHOR_SYMBOL_EXISTING_NOT_NEW,0
CPB,IDENTITY_LIMITED_OR_LIQUIDITY_INELIGIBLE,0
CRM,IDENTITY_LIMITED_OR_LIQUIDITY_INELIGIBLE,0
CSCO,ANCHOR_SYMBOL_EXISTING_NOT_NEW,0
CSX,ANCHOR_SYMBOL_EXISTING_NOT_NEW,0
CTAS,ANCHOR_SYMBOL_EXISTING_NOT_NEW,0
CVS,IDENTITY_LIMITED_OR_LIQUIDITY_INELIGIBLE,0
CVX,ANCHOR_SYMBOL_EXISTING_NOT_NEW,0
CXT,PARTIALLY_ADMITTED_DS03_ONLY_C2_NOT_ACCEPTED,0
D,ANCHOR_SYMBOL_EXISTING_NOT_NEW,0
DAL,ANCHOR_SYMBOL_EXISTING_NOT_NEW,0
DD,ANCHOR_SYMBOL_EXISTING_NOT_NEW,0
DGX,ANCHOR_SYMBOL_EXISTING_NOT_NEW,0
DHR,ANCHOR_SYMBOL_EXISTING_NOT_NEW,0
DIS,ANCHOR_SYMBOL_EXISTING_NOT_NEW,0
DLTR,ANCHOR_SYMBOL_EXISTING_NOT_NEW,0
DLX,IDENTITY_LIMITED_OR_LIQUIDITY_INELIGIBLE,0
DOV,ANCHOR_SYMBOL_EXISTING_NOT_NEW,0
DRI,ANCHOR_SYMBOL_EXISTING_NOT_NEW,0
DTE,ANCHOR_SYMBOL_EXISTING_NOT_NEW,0
DUK,ANCHOR_SYMBOL_EXISTING_NOT_NEW,0
DVN,ANCHOR_SYMBOL_EXISTING_NOT_NEW,0
EBAY,ANCHOR_SYMBOL_EXISTING_NOT_NEW,0
ECL,ANCHOR_SYMBOL_EXISTING_NOT_NEW,0
ED,ANCHOR_SYMBOL_EXISTING_NOT_NEW,0
EFX,ANCHOR_SYMBOL_EXISTING_NOT_NEW,0
EIX,IDENTITY_LIMITED_OR_LIQUIDITY_INELIGIBLE,0
ELV,ANCHOR_SYMBOL_EXISTING_NOT_NEW,0
EMN,IDENTITY_LIMITED_OR_LIQUIDITY_INELIGIBLE,0
EMR,ANCHOR_SYMBOL_EXISTING_NOT_NEW,0
EOG,IDENTITY_LIMITED_OR_LIQUIDITY_INELIGIBLE,0
EPC,PARTIALLY_ADMITTED_DS03_ONLY_C2_NOT_ACCEPTED,0
EQR,ANCHOR_SYMBOL_EXISTING_NOT_NEW,0
ETN,ANCHOR_SYMBOL_EXISTING_NOT_NEW,0
ETR,IDENTITY_LIMITED_OR_LIQUIDITY_INELIGIBLE,0
EXC,ANCHOR_SYMBOL_EXISTING_NOT_NEW,0
EXPD,ANCHOR_SYMBOL_EXISTING_NOT_NEW,0
F,IDENTITY_LIMITED_OR_LIQUIDITY_INELIGIBLE,0
FAST,IDENTITY_LIMITED_OR_LIQUIDITY_INELIGIBLE,0
FCX,ANCHOR_SYMBOL_EXISTING_NOT_NEW,0
FDX,ANCHOR_SYMBOL_EXISTING_NOT_NEW,0
FE,IDENTITY_LIMITED_OR_LIQUIDITY_INELIGIBLE,0
FHI,IDENTITY_LIMITED_OR_LIQUIDITY_INELIGIBLE,0
FHN,ANCHOR_SYMBOL_EXISTING_NOT_NEW,0
FISV,ANCHOR_SYMBOL_EXISTING_NOT_NEW,0
FLEX,ANCHOR_SYMBOL_EXISTING_NOT_NEW,0
FLR,ANCHOR_SYMBOL_EXISTING_NOT_NEW,0
GAP,ANCHOR_SYMBOL_EXISTING_NOT_NEW,0
GD,IDENTITY_LIMITED_OR_LIQUIDITY_INELIGIBLE,0
GE,ANCHOR_SYMBOL_EXISTING_NOT_NEW,0
GEN,ANCHOR_SYMBOL_EXISTING_NOT_NEW,0
GFI,ANCHOR_SYMBOL_EXISTING_NOT_NEW,0
GILD,ANCHOR_SYMBOL_EXISTING_NOT_NEW,0
GIS,IDENTITY_LIMITED_OR_LIQUIDITY_INELIGIBLE,0
GL,ANCHOR_SYMBOL_EXISTING_NOT_NEW,0
GLD,ANCHOR_SYMBOL_EXISTING_NOT_NEW,0
GLW,ANCHOR_SYMBOL_EXISTING_NOT_NEW,0
GNTX,IDENTITY_LIMITED_OR_LIQUIDITY_INELIGIBLE,0
GOOGL,ANCHOR_SYMBOL_EXISTING_NOT_NEW,0
GPC,IDENTITY_LIMITED_OR_LIQUIDITY_INELIGIBLE,0
GRMN,ANCHOR_SYMBOL_EXISTING_NOT_NEW,0
GS,ANCHOR_SYMBOL_EXISTING_NOT_NEW,0
GT,ANCHOR_SYMBOL_EXISTING_NOT_NEW,0
GWW,ANCHOR_SYMBOL_EXISTING_NOT_NEW,0
HAL,ANCHOR_SYMBOL_EXISTING_NOT_NEW,0
HAS,ANCHOR_SYMBOL_EXISTING_NOT_NEW,0
HBAN,ANCHOR_SYMBOL_EXISTING_NOT_NEW,0
HD,ANCHOR_SYMBOL_EXISTING_NOT_NEW,0
HIG,ANCHOR_SYMBOL_EXISTING_NOT_NEW,0
HMY,IDENTITY_LIMITED_OR_LIQUIDITY_INELIGIBLE,0
HON,ANCHOR_SYMBOL_EXISTING_NOT_NEW,0
HPQ,IDENTITY_LIMITED_OR_LIQUIDITY_INELIGIBLE,0
HRB,IDENTITY_LIMITED_OR_LIQUIDITY_INELIGIBLE,0
HSIC,ANCHOR_SYMBOL_EXISTING_NOT_NEW,0
HSY,ANCHOR_SYMBOL_EXISTING_NOT_NEW,0
IBCP,IDENTITY_LIMITED_OR_LIQUIDITY_INELIGIBLE,0
IBM,IDENTITY_LIMITED_OR_LIQUIDITY_INELIGIBLE,0
IFF,ANCHOR_SYMBOL_EXISTING_NOT_NEW,0
INTC,ANCHOR_SYMBOL_EXISTING_NOT_NEW,0
INTU,IDENTITY_LIMITED_OR_LIQUIDITY_INELIGIBLE,0
IP,IDENTITY_LIMITED_OR_LIQUIDITY_INELIGIBLE,0
ITT,ANCHOR_SYMBOL_EXISTING_NOT_NEW,0
ITW,ANCHOR_SYMBOL_EXISTING_NOT_NEW,0
JBL,ANCHOR_SYMBOL_EXISTING_NOT_NEW,0
JCI,ANCHOR_SYMBOL_EXISTING_NOT_NEW,0
JHG,ANCHOR_SYMBOL_EXISTING_NOT_NEW,0
JNJ,ANCHOR_SYMBOL_EXISTING_NOT_NEW,0
JPM,ANCHOR_SYMBOL_EXISTING_NOT_NEW,0
KBH,IDENTITY_LIMITED_OR_LIQUIDITY_INELIGIBLE,0
KEY,ANCHOR_SYMBOL_EXISTING_NOT_NEW,0
KGC,ANCHOR_SYMBOL_EXISTING_NOT_NEW,0
KLAC,ANCHOR_SYMBOL_EXISTING_NOT_NEW,0
KMB,IDENTITY_LIMITED_OR_LIQUIDITY_INELIGIBLE,0
KO,ANCHOR_SYMBOL_EXISTING_NOT_NEW,0
KR,ANCHOR_SYMBOL_EXISTING_NOT_NEW,0
KSS,ANCHOR_SYMBOL_EXISTING_NOT_NEW,0
LAMR,IDENTITY_LIMITED_OR_LIQUIDITY_INELIGIBLE,0
LEG,PARTIALLY_ADMITTED_DS03_ONLY_C2_NOT_ACCEPTED,0
LEU,ANCHOR_SYMBOL_EXISTING_NOT_NEW,0
LGND,PARTIALLY_ADMITTED_DS03_ONLY_C2_NOT_ACCEPTED,0
LLY,ANCHOR_SYMBOL_EXISTING_NOT_NEW,0
LMT,ANCHOR_SYMBOL_EXISTING_NOT_NEW,0
LNC,IDENTITY_LIMITED_OR_LIQUIDITY_INELIGIBLE,0
LOW,ANCHOR_SYMBOL_EXISTING_NOT_NEW,0
LPX,ANCHOR_SYMBOL_EXISTING_NOT_NEW,0
LRCX,ANCHOR_SYMBOL_EXISTING_NOT_NEW,0
LUMN,ANCHOR_SYMBOL_EXISTING_NOT_NEW,0
LUV,ANCHOR_SYMBOL_EXISTING_NOT_NEW,0
MA,ANCHOR_SYMBOL_EXISTING_NOT_NEW,0
MAR,ANCHOR_SYMBOL_EXISTING_NOT_NEW,0
MAS,ANCHOR_SYMBOL_EXISTING_NOT_NEW,0
MAT,ANCHOR_SYMBOL_EXISTING_NOT_NEW,0
MBI,PARTIALLY_ADMITTED_DS03_ONLY_C2_NOT_ACCEPTED,0
MCD,ANCHOR_SYMBOL_EXISTING_NOT_NEW,0
MCHP,IDENTITY_LIMITED_OR_LIQUIDITY_INELIGIBLE,0
MCK,ANCHOR_SYMBOL_EXISTING_NOT_NEW,0
MCO,ANCHOR_SYMBOL_EXISTING_NOT_NEW,0
MDT,ANCHOR_SYMBOL_EXISTING_NOT_NEW,0
MET,ANCHOR_SYMBOL_EXISTING_NOT_NEW,0
META,ANCHOR_SYMBOL_EXISTING_NOT_NEW,0
MITK,PARTIALLY_ADMITTED_DS03_ONLY_C2_NOT_ACCEPTED,0
MKC,ANCHOR_SYMBOL_EXISTING_NOT_NEW,0
MMM,ANCHOR_SYMBOL_EXISTING_NOT_NEW,0
MNST,ANCHOR_SYMBOL_EXISTING_NOT_NEW,0
MO,IDENTITY_LIMITED_OR_LIQUIDITY_INELIGIBLE,0
MRK,ANCHOR_SYMBOL_EXISTING_NOT_NEW,0
MRSH,IDENTITY_LIMITED_OR_LIQUIDITY_INELIGIBLE,0
MRVL,ANCHOR_SYMBOL_EXISTING_NOT_NEW,0
MS,IDENTITY_LIMITED_OR_LIQUIDITY_INELIGIBLE,0
MSA,PARTIALLY_ADMITTED_DS03_ONLY_C2_NOT_ACCEPTED,0
MSFT,ANCHOR_SYMBOL_EXISTING_NOT_NEW,0
MSI,ANCHOR_SYMBOL_EXISTING_NOT_NEW,0
MTB,ANCHOR_SYMBOL_EXISTING_NOT_NEW,0
MTG,IDENTITY_LIMITED_OR_LIQUIDITY_INELIGIBLE,0
MU,ANCHOR_SYMBOL_EXISTING_NOT_NEW,0
NBR,PARTIALLY_ADMITTED_DS03_ONLY_C2_NOT_ACCEPTED,0
NEE,ANCHOR_SYMBOL_EXISTING_NOT_NEW,0
NEM,ANCHOR_SYMBOL_EXISTING_NOT_NEW,0
NFLX,ANCHOR_SYMBOL_EXISTING_NOT_NEW,0
NI,IDENTITY_LIMITED_OR_LIQUIDITY_INELIGIBLE,0
NKE,ANCHOR_SYMBOL_EXISTING_NOT_NEW,0
NOC,ANCHOR_SYMBOL_EXISTING_NOT_NEW,0
NOVT,ANCHOR_SYMBOL_EXISTING_NOT_NEW,0
NOW,ANCHOR_SYMBOL_EXISTING_NOT_NEW,0
NSC,ANCHOR_SYMBOL_EXISTING_NOT_NEW,0
NTAP,ANCHOR_SYMBOL_EXISTING_NOT_NEW,0
NTRS,ANCHOR_SYMBOL_EXISTING_NOT_NEW,0
NVDA,ANCHOR_SYMBOL_EXISTING_NOT_NEW,0
NWL,IDENTITY_LIMITED_OR_LIQUIDITY_INELIGIBLE,0
NYT,ANCHOR_SYMBOL_EXISTING_NOT_NEW,0
ODFL,ANCHOR_SYMBOL_EXISTING_NOT_NEW,0
OMC,IDENTITY_LIMITED_OR_LIQUIDITY_INELIGIBLE,0
ORCL,IDENTITY_LIMITED_OR_LIQUIDITY_INELIGIBLE,0
OXY,ANCHOR_SYMBOL_EXISTING_NOT_NEW,0
PANW,ANCHOR_SYMBOL_EXISTING_NOT_NEW,0
PAYX,IDENTITY_LIMITED_OR_LIQUIDITY_INELIGIBLE,0
PBI,PARTIALLY_ADMITTED_DS03_ONLY_C2_NOT_ACCEPTED,0
PCAR,ANCHOR_SYMBOL_EXISTING_NOT_NEW,0
PEG,ANCHOR_SYMBOL_EXISTING_NOT_NEW,0
PEP,IDENTITY_LIMITED_OR_LIQUIDITY_INELIGIBLE,0
PFE,IDENTITY_LIMITED_OR_LIQUIDITY_INELIGIBLE,0
PFG,ANCHOR_SYMBOL_EXISTING_NOT_NEW,0
PG,IDENTITY_LIMITED_OR_LIQUIDITY_INELIGIBLE,0
PGR,ANCHOR_SYMBOL_EXISTING_NOT_NEW,0
PH,ANCHOR_SYMBOL_EXISTING_NOT_NEW,0
PHM,ANCHOR_SYMBOL_EXISTING_NOT_NEW,0
PLD,ANCHOR_SYMBOL_EXISTING_NOT_NEW,0
PNC,IDENTITY_LIMITED_OR_LIQUIDITY_INELIGIBLE,0
PNW,IDENTITY_LIMITED_OR_LIQUIDITY_INELIGIBLE,0
PPG,IDENTITY_LIMITED_OR_LIQUIDITY_INELIGIBLE,0
PPL,ANCHOR_SYMBOL_EXISTING_NOT_NEW,0
PPLI,PARTIALLY_ADMITTED_DS03_ONLY_C2_NOT_ACCEPTED,0
PRDO,PARTIALLY_ADMITTED_DS03_ONLY_C2_NOT_ACCEPTED,0
PRU,IDENTITY_LIMITED_OR_LIQUIDITY_INELIGIBLE,0
PTEN,ANCHOR_SYMBOL_EXISTING_NOT_NEW,0
QCOM,ANCHOR_SYMBOL_EXISTING_NOT_NEW,0
QQQ,ANCHOR_SYMBOL_EXISTING_NOT_NEW,0
R,ANCHOR_SYMBOL_EXISTING_NOT_NEW,0
RAVE,IDENTITY_LIMITED_OR_LIQUIDITY_INELIGIBLE,0
RF,ANCHOR_SYMBOL_EXISTING_NOT_NEW,0
RHI,ANCHOR_SYMBOL_EXISTING_NOT_NEW,0
RIG,ANCHOR_SYMBOL_EXISTING_NOT_NEW,0
RIO,ANCHOR_SYMBOL_EXISTING_NOT_NEW,0
ROK,ANCHOR_SYMBOL_EXISTING_NOT_NEW,0
ROST,ANCHOR_SYMBOL_EXISTING_NOT_NEW,0
RTX,ANCHOR_SYMBOL_EXISTING_NOT_NEW,0
RVTY,ANCHOR_SYMBOL_EXISTING_NOT_NEW,0
RYAAY,ANCHOR_SYMBOL_EXISTING_NOT_NEW,0
SANM,ANCHOR_SYMBOL_EXISTING_NOT_NEW,0
SBRA,IDENTITY_LIMITED_OR_LIQUIDITY_INELIGIBLE,0
SBUX,ANCHOR_SYMBOL_EXISTING_NOT_NEW,0
SCHW,ANCHOR_SYMBOL_EXISTING_NOT_NEW,0
SEB,PARTIALLY_ADMITTED_DS03_ONLY_C2_NOT_ACCEPTED,0
SHW,ANCHOR_SYMBOL_EXISTING_NOT_NEW,0
SLB,ANCHOR_SYMBOL_EXISTING_NOT_NEW,0
SLM,ANCHOR_SYMBOL_EXISTING_NOT_NEW,0
SMFG,PARTIALLY_ADMITTED_DS03_ONLY_C2_NOT_ACCEPTED,0
SNA,ANCHOR_SYMBOL_EXISTING_NOT_NEW,0
SNPS,ANCHOR_SYMBOL_EXISTING_NOT_NEW,0
SO,ANCHOR_SYMBOL_EXISTING_NOT_NEW,0
SPG,IDENTITY_LIMITED_OR_LIQUIDITY_INELIGIBLE,0
SPGI,ANCHOR_SYMBOL_EXISTING_NOT_NEW,0
SPY,ANCHOR_SYMBOL_EXISTING_NOT_NEW,0
SRE,ANCHOR_SYMBOL_EXISTING_NOT_NEW,0
STT,ANCHOR_SYMBOL_EXISTING_NOT_NEW,0
SWK,IDENTITY_LIMITED_OR_LIQUIDITY_INELIGIBLE,0
SYK,ANCHOR_SYMBOL_EXISTING_NOT_NEW,0
SYY,ANCHOR_SYMBOL_EXISTING_NOT_NEW,0
T,IDENTITY_LIMITED_OR_LIQUIDITY_INELIGIBLE,0
TER,ANCHOR_SYMBOL_EXISTING_NOT_NEW,0
TEVA,ANCHOR_SYMBOL_EXISTING_NOT_NEW,0
TFC,IDENTITY_LIMITED_OR_LIQUIDITY_INELIGIBLE,0
TGT,ANCHOR_SYMBOL_EXISTING_NOT_NEW,0
THC,ANCHOR_SYMBOL_EXISTING_NOT_NEW,0
TJX,ANCHOR_SYMBOL_EXISTING_NOT_NEW,0
TKO,ANCHOR_SYMBOL_EXISTING_NOT_NEW,0
TLT,IDENTITY_LIMITED_OR_LIQUIDITY_INELIGIBLE,0
TMO,ANCHOR_SYMBOL_EXISTING_NOT_NEW,0
TROW,IDENTITY_LIMITED_OR_LIQUIDITY_INELIGIBLE,0
TSLA,ANCHOR_SYMBOL_EXISTING_NOT_NEW,0
TT,ANCHOR_SYMBOL_EXISTING_NOT_NEW,0
TXN,IDENTITY_LIMITED_OR_LIQUIDITY_INELIGIBLE,0
TXT,ANCHOR_SYMBOL_EXISTING_NOT_NEW,0
UIS,PARTIALLY_ADMITTED_DS03_ONLY_C2_NOT_ACCEPTED,0
UNH,ANCHOR_SYMBOL_EXISTING_NOT_NEW,0
UNM,IDENTITY_LIMITED_OR_LIQUIDITY_INELIGIBLE,0
UNP,ANCHOR_SYMBOL_EXISTING_NOT_NEW,0
UPS,IDENTITY_LIMITED_OR_LIQUIDITY_INELIGIBLE,0
UTF,IDENTITY_LIMITED_OR_LIQUIDITY_INELIGIBLE,0
V,ANCHOR_SYMBOL_EXISTING_NOT_NEW,0
VFC,ANCHOR_SYMBOL_EXISTING_NOT_NEW,0
VIAV,ANCHOR_SYMBOL_EXISTING_NOT_NEW,0
VMC,ANCHOR_SYMBOL_EXISTING_NOT_NEW,0
VNQ,ANCHOR_SYMBOL_EXISTING_NOT_NEW,0
VRSN,ANCHOR_SYMBOL_EXISTING_NOT_NEW,0
VYX,PARTIALLY_ADMITTED_DS03_ONLY_C2_NOT_ACCEPTED,0
VZ,IDENTITY_LIMITED_OR_LIQUIDITY_INELIGIBLE,0
WAT,ANCHOR_SYMBOL_EXISTING_NOT_NEW,0
WEC,ANCHOR_SYMBOL_EXISTING_NOT_NEW,0
WEN,IDENTITY_LIMITED_OR_LIQUIDITY_INELIGIBLE,0
WFC,IDENTITY_LIMITED_OR_LIQUIDITY_INELIGIBLE,0
WHR,ANCHOR_SYMBOL_EXISTING_NOT_NEW,0
WMB,ANCHOR_SYMBOL_EXISTING_NOT_NEW,0
WMT,ANCHOR_SYMBOL_EXISTING_NOT_NEW,0
WOR,PARTIALLY_ADMITTED_DS03_ONLY_C2_NOT_ACCEPTED,0
WWD,ANCHOR_SYMBOL_EXISTING_NOT_NEW,0
WY,ANCHOR_SYMBOL_EXISTING_NOT_NEW,0
XEL,ANCHOR_SYMBOL_EXISTING_NOT_NEW,0
XLB,ANCHOR_SYMBOL_EXISTING_NOT_NEW,0
XLE,ANCHOR_SYMBOL_EXISTING_NOT_NEW,0
XLF,ANCHOR_SYMBOL_EXISTING_NOT_NEW,0
XLI,ANCHOR_SYMBOL_EXISTING_NOT_NEW,0
XLK,ANCHOR_SYMBOL_EXISTING_NOT_NEW,0
XLP,ANCHOR_SYMBOL_EXISTING_NOT_NEW,0
XLU,ANCHOR_SYMBOL_EXISTING_NOT_NEW,0
XLV,ANCHOR_SYMBOL_EXISTING_NOT_NEW,0
XLY,ANCHOR_SYMBOL_EXISTING_NOT_NEW,0
XOM,ANCHOR_SYMBOL_EXISTING_NOT_NEW,0
XOMA,IDENTITY_LIMITED_OR_LIQUIDITY_INELIGIBLE,0
XRAY,PARTIALLY_ADMITTED_DS03_ONLY_C2_NOT_ACCEPTED,0
XRX,PARTIALLY_ADMITTED_DS03_ONLY_C2_NOT_ACCEPTED,0
YUM,ANCHOR_SYMBOL_EXISTING_NOT_NEW,0
ZBH,ANCHOR_SYMBOL_EXISTING_NOT_NEW,0
ZION,ANCHOR_SYMBOL_EXISTING_NOT_NEW,0
