family,display_name,family_index,execution_host,ownership_state,current_runtime_state,r53_result_state,performance_status,result_final,result_provisional,terminal_reached,terminal_cursor,current_cursor,result_source_tier,result_source_path,result_source_sha256,metrics_namespace,evaluation_contract_id,evaluation_contract_version,evaluation_contract_hash,target_contract,source_host,imported_result,retained_oof_result,first_decision_timestamp,last_decision_timestamp,first_resolved_decision_timestamp,last_resolved_decision_timestamp,calendar_duration_days,trading_days,valid_rank_ic_timestamps,daily_result_rows,resolved_performance_rows,eligible_coverage,terminal_censored_rows,pending_rows,mean_spearman_rank_ic,median_spearman_rank_ic,daily_mean_spearman_rank_ic,positive_ic_fraction,hac_mean,hac_standard_error,hac_lower_95,hac_upper_95,hac_lag,inference_method,pearson_ic,ndcg,ndcg_at_20,top_n_hit_rate,directional_accuracy,mean_hit_rate,score_population_rows,top_n_rows,annualized_return,geometric_annual_return,annualized_volatility,sharpe,cumulative_gross_return,cumulative_net_return,maximum_drawdown,win_rate,turnover,total_estimated_transaction_costs,break_even_cost,sleeve_count,simultaneous_capital_limit,portfolio_contract,economic_cost_classification,comparability_classification,warnings,same_target_contract,same_evaluation_contract,same_portfolio_contract,same_cost_assumption,same_development_window,overlapping_window,full_common_window_available,imported_vs_native,legacy_vs_v3,same_predictor_authority,historical_execution_completion,current_scientific_acceptance,r53a_recovery_note,r53a_result_authority_path,r53a_result_authority_sha256,r53a_result_authority_class
ridge_policy_v1_control,ridge_policy_v1_control,1,UNASSIGNED,UNASSIGNED,UNASSIGNED,COMPLETE_RECOVERED_BY_R53A,COMPLETED_RECOVERED,True,False,True,2026-06-30T20:00:00+00:00,2026-06-30T20:00:00+00:00,D,docs/dream_system/components/DS-24_independent_five_minute_selector/stage_outputs/ds24_p8_r14_e3g_c1_20260823T000000Z/19_tabular_scale_results.csv,5c1378aba59a29ffd71efb53581720ce871950c28bfe8f60d45f531d5f86dd0a,docs/dream_system/components/DS-24_independent_five_minute_selector/stage_outputs/ds24_p8_r14_e3g_c1_20260823T000000Z,,,,,DELL,False,True,2024-12-27T14:35:00+00:00,2026-06-30T20:00:00+00:00,2019-01-01T00:00:00+00:00,2023-12-31T23:59:59+00:00,1825,1015,0,1015,616000,,6508,0,0.4731917278,,,,,,,,,,,,,0.9122556032427277,,0.9122556032427277,,616000,2.0572673227986673,,0.08912976924197137,23.081708168833632,8.240337118474502,8.240337118474502,-0.010945719316595603,0.9122556032427277,0.2656175488793515,0.0,,,,,ZERO_COST_ECONOMICS,LEGACY_NOT_DIRECTLY_COMPARABLE,EXTREME_SHARPE_REQUIRES_SCRUTINY;ZERO_COST_WITH_NONZERO_TURNOVER;LEGACY_RESULT;DIFFERENT_WINDOW_FROM_RANKING_FAMILIES,,False,,True,False,True,False,NATIVE_OR_NONE,LEGACY,,COMPLETE,QUARANTINED_AFTER_COMPLETION,Completed legacy performance preserved while quarantine/limited acceptance remains visible.,docs/dream_system/components/DS-24_independent_five_minute_selector/stage_outputs/ds24_p8_r14_e3g_c1_20260823T000000Z/19_tabular_scale_results.csv,5c1378aba59a29ffd71efb53581720ce871950c28bfe8f60d45f531d5f86dd0a,D
pca_ridge_policy_v1_control,pca_ridge_policy_v1_control,2,UNASSIGNED,UNASSIGNED,UNASSIGNED,COMPLETE_RECOVERED_BY_R53A,COMPLETED_RECOVERED,True,False,True,2026-06-30T20:00:00+00:00,2026-06-30T20:00:00+00:00,E,docs/dream_system/components/DS-24_independent_five_minute_selector/stage_outputs/ds24_p8_r14_e3g_c2_20260824T000000Z/r7_r14_policy_workers/pca_ridge_policy_v1_control/r31_performance_summary.json,4a87fa2d2d4b55311f80474cebd12c0f5eb61600a13f867051b5e87e5b9fdab6,docs/dream_system/components/DS-24_independent_five_minute_selector/stage_outputs/ds24_p8_r14_e3g_c2_20260824T000000Z/r7_r14_policy_workers/pca_ridge_policy_v1_control,,,,,DELL,False,False,2020-05-11T13:35:00+00:00,2026-06-30T20:00:00+00:00,2020-05-11T18:50:00+00:00,2026-06-30T19:00:00+00:00,2241,1220,0,1220,7967,,6508,0,,,,,,,,,,,,,,0.9008409689971131,,0.9008409689971131,,2395320,2.0349353801547028,,0.1006575950244548,20.216411684188504,17821.186229345894,17821.186229345894,-0.01149796825103322,0.9008409689971131,0.3313794401907871,0.0,,,,,ZERO_COST_ECONOMICS,LEGACY_NOT_DIRECTLY_COMPARABLE,EXTREME_SHARPE_REQUIRES_SCRUTINY;ZERO_COST_WITH_NONZERO_TURNOVER;LEGACY_RESULT,,False,,True,False,True,False,NATIVE_OR_NONE,LEGACY,,COMPLETE,QUARANTINED_AFTER_COMPLETION,Completed legacy performance preserved while quarantine/limited acceptance remains visible.,docs/dream_system/components/DS-24_independent_five_minute_selector/stage_outputs/ds24_p8_r14_e3g_c2_20260824T000000Z/r7_r14_policy_workers/pca_ridge_policy_v1_control/r31_performance_summary.json,4a87fa2d2d4b55311f80474cebd12c0f5eb61600a13f867051b5e87e5b9fdab6,E
spline_additive_ridge,spline_additive_ridge,3,UNASSIGNED,UNASSIGNED,UNASSIGNED,COMPLETE_RECOVERED_BY_R53A,COMPLETED_RECOVERED,True,False,True,2026-06-30T20:00:00+00:00,2026-06-30T20:00:00+00:00,E,docs/dream_system/components/DS-24_independent_five_minute_selector/stage_outputs/ds24_p8_r14_e3g_c2_20260824T000000Z/r7_r14_policy_workers/spline_additive_ridge/r31_performance_summary.json,04aa89388495eb00ee8c6c1b3abd55fc90bf3a3b37b269fbf4a3bd2184907e7b,docs/dream_system/components/DS-24_independent_five_minute_selector/stage_outputs/ds24_p8_r14_e3g_c2_20260824T000000Z/r7_r14_policy_workers/spline_additive_ridge,,,,,DELL,False,False,2025-04-02T13:35:00+00:00,2026-06-30T20:00:00+00:00,2025-04-02T14:20:00+00:00,2026-06-29T15:35:00+00:00,453,198,0,198,1593,,6508,0,,,,,,,,,,,,,,0.5436283741368487,,0.5436283741368487,,484560,0.09568501626986059,,0.07626645429139145,1.2546147209660041,0.07561165287977722,0.07561165287977722,-0.05381530962317005,0.5436283741368487,0.4034839924670435,0.0,,,,,ZERO_COST_ECONOMICS,LEGACY_NOT_DIRECTLY_COMPARABLE,ZERO_COST_WITH_NONZERO_TURNOVER;LEGACY_RESULT,,False,,True,False,True,False,NATIVE_OR_NONE,LEGACY,,COMPLETE,QUARANTINED_AFTER_COMPLETION,Completed legacy performance preserved while quarantine/limited acceptance remains visible.,docs/dream_system/components/DS-24_independent_five_minute_selector/stage_outputs/ds24_p8_r14_e3g_c2_20260824T000000Z/r7_r14_policy_workers/spline_additive_ridge/r31_performance_summary.json,04aa89388495eb00ee8c6c1b3abd55fc90bf3a3b37b269fbf4a3bd2184907e7b,E
elastic_net,elastic_net,4,DELL,DELL_OWNED,DELL_OWNED,COMPLETE_RECOVERED_BY_R53A,COMPLETED_RECOVERED,True,False,True,2026-06-30T20:00:00+00:00,2026-06-30T20:00:00+00:00,A,docs/dream_system/components/DS-24_independent_five_minute_selector/stage_outputs/ds24_p8_r14_e3g_c2_20260824T000000Z/r7_r14_policy_workers/elastic_net/metrics_only_v3_r40_elastic_net/resolved_performance_summary_v3.json,b31417b9b6165143cf6c5084f10d7b5a4e62fcf2922af47b95603cf060b7128d,metrics_only_v3_r40_elastic_net,DS24_RESOLVED_PERFORMANCE_V3_STAGGERED_SLEEVE_RANK_IC_CONTRACT,V3,c5d24ca5ba4182d6e9080a7ca98b0c32a054bffe77a56fd09052de516cae84bc,,DELL,False,False,,,2025-04-02T13:35:00+00:00,2026-06-30T19:00:00+00:00,454,234,20484,234,24216,0.7491970693471443,12,0,0.4632185165883415,0.46563026817639613,0.46329484664624954,0.9953134153485648,0.4632185165883415,0.0025925179605340333,0.4581371813856948,0.4682998517909882,12,newey_west_hac_lag_12_for_overlapping_60m_targets,,,,,,,,,1.4983844449054737,,0.1836165502039565,8.160399720183758,2.9457300801370416,2.9457300801370416,-0.0009051097625262239,0.9743589743589743,0.44120416253716555,0.0,,12,1.0,twelve_staggered_equal_capital_sleeves,ZERO_COST_ECONOMICS,V3_DIFFERENT_EVALUATION_WINDOWS,EXTREME_RANK_IC_REQUIRES_SCRUTINY;EXTREME_SHARPE_REQUIRES_SCRUTINY;ZERO_COST_WITH_NONZERO_TURNOVER;DIFFERENT_WINDOW_FROM_RANKING_FAMILIES,,True,True,True,False,True,False,NATIVE_OR_NONE,V3,,COMPLETE,COMPLETED_DIFFERENT_WINDOW,Accepted V3 result uses a different evaluation window.,docs/dream_system/components/DS-24_independent_five_minute_selector/stage_outputs/ds24_p8_r14_e3g_c2_20260824T000000Z/r7_r14_policy_workers/elastic_net/metrics_only_v3_r40_elastic_net/resolved_performance_summary_v3.json,b31417b9b6165143cf6c5084f10d7b5a4e62fcf2922af47b95603cf060b7128d,A
rff_ridge,rff_ridge,5,UNASSIGNED,UNASSIGNED,UNASSIGNED,COMPLETE_RECOVERED_BY_R53A,COMPLETED_RECOVERED,True,False,True,2026-06-30T20:00:00+00:00,2026-06-30T20:00:00+00:00,A,docs/dream_system/components/DS-24_independent_five_minute_selector/stage_outputs/ds24_p8_r14_e3g_c2_20260824T000000Z/r7_r14_policy_workers/rff_ridge/metrics_only_v3_r37_rff_retry/resolved_performance_summary_v3.json,87c7004430c8ebee24072f1b0dff3419c33c89eea154daf2db5ce7f33e31045b,metrics_only_v3_r37_rff_retry,DS24_RESOLVED_PERFORMANCE_V3_STAGGERED_SLEEVE_RANK_IC_CONTRACT,V3,c5d24ca5ba4182d6e9080a7ca98b0c32a054bffe77a56fd09052de516cae84bc,,DELL,False,False,,,2016-02-02T14:35:00+00:00,2026-06-30T19:00:00+00:00,3801,2589,171863,2589,203271,0.75432938645037,12,0,0.03431086029850828,0.033230578728073085,0.034166319123363334,0.6688932463648372,0.03431086029850828,0.0003970189411348801,0.03353270317388391,0.03508901742313265,12,newey_west_hac_lag_12_for_overlapping_60m_targets,,,,,,,,,0.052542661888421924,,0.030543018197877327,1.720283881180856,0.7074356820929271,0.7074356820929271,-0.03629523046963268,0.6176129779837776,0.9521087612104044,0.0,,12,1.0,twelve_staggered_equal_capital_sleeves,ZERO_COST_ECONOMICS,DIRECTLY_COMPARABLE_V3_COMMON_WINDOW,ZERO_COST_WITH_NONZERO_TURNOVER,,True,True,True,True,True,True,NATIVE_OR_NONE,V3,,COMPLETE,COMPLETED_ZERO_COST_ONLY,Completed result uses zero-cost economics.,docs/dream_system/components/DS-24_independent_five_minute_selector/stage_outputs/ds24_p8_r14_e3g_c2_20260824T000000Z/r7_r14_policy_workers/rff_ridge/metrics_only_v3_r37_rff_retry/resolved_performance_summary_v3.json,87c7004430c8ebee24072f1b0dff3419c33c89eea154daf2db5ce7f33e31045b,A
huber,huber,6,UNASSIGNED,UNASSIGNED,UNASSIGNED,COMPLETE_RECOVERED_BY_R53A,COMPLETED_RECOVERED,True,False,True,2026-06-30T20:00:00+00:00,2026-06-30T20:00:00+00:00,A,docs/dream_system/components/DS-24_independent_five_minute_selector/stage_outputs/ds24_p8_r14_e3g_c2_20260824T000000Z/r7_r14_policy_workers/huber/metrics_only_v3_r37_huber_replay/resolved_performance_summary_v3.json,6e2c3d8374453dede892b72a5d1b0d714db008b5961ab3a4f38ef79572f84604,metrics_only_v3_r37_huber_replay,DS24_RESOLVED_PERFORMANCE_V3_STAGGERED_SLEEVE_RANK_IC_CONTRACT,V3,c5d24ca5ba4182d6e9080a7ca98b0c32a054bffe77a56fd09052de516cae84bc,,DELL,False,False,,,2016-02-02T14:35:00+00:00,2026-06-30T19:00:00+00:00,3801,1874,171863,1874,203271,0.75432938645037,12,0,0.5023150228928017,0.5016080591079984,0.5023390517458678,0.9985919016891361,0.5023150228928017,0.0008241978542157471,0.5006995950985389,0.5039304506870645,12,newey_west_hac_lag_12_for_overlapping_60m_targets,,,,,,,,,0.9964717113372477,,0.10856706868311893,9.17839749588992,1560.6235653754982,1560.6235653754982,-0.010197421011264862,0.9738527214514408,0.4861027888877411,0.0,,12,1.0,twelve_staggered_equal_capital_sleeves,ZERO_COST_ECONOMICS,DIRECTLY_COMPARABLE_V3_COMMON_WINDOW,EXTREME_RANK_IC_REQUIRES_SCRUTINY;EXTREME_SHARPE_REQUIRES_SCRUTINY;ZERO_COST_WITH_NONZERO_TURNOVER,,True,True,True,True,True,True,NATIVE_OR_NONE,V3,,COMPLETE,COMPLETED_ZERO_COST_ONLY,Completed result uses zero-cost economics.,docs/dream_system/components/DS-24_independent_five_minute_selector/stage_outputs/ds24_p8_r14_e3g_c2_20260824T000000Z/r7_r14_policy_workers/huber/metrics_only_v3_r37_huber_replay/resolved_performance_summary_v3.json,6e2c3d8374453dede892b72a5d1b0d714db008b5961ab3a4f38ef79572f84604,A
mlp,mlp,7,DELL,DELL_OWNED,DELL_OWNED,COMPLETE_RECOVERED_BY_R53A,COMPLETED_RECOVERED,True,False,False,2024-05-15T20:00:00+00:00,2024-05-15T20:00:00+00:00,A,docs/dream_system/components/DS-24_independent_five_minute_selector/stage_outputs/ds24_p8_r14_e3g_c2_20260824T000000Z/r7_r14_policy_workers/mlp/metrics_only_v3_r37_mlp_direct_gen7/resolved_performance_summary_v3.json,dde5d615d4d4d22fa45b8c306af0010a34cbfa93ec86231b10b6a404fca47b97,metrics_only_v3_r37_mlp_direct_gen7,DS24_RESOLVED_PERFORMANCE_V3_STAGGERED_SLEEVE_RANK_IC_CONTRACT,V3,c5d24ca5ba4182d6e9080a7ca98b0c32a054bffe77a56fd09052de516cae84bc,,DELL,False,False,,,2016-02-02T14:35:00+00:00,2024-05-16T19:00:00+00:00,3026,1454,137081,1454,162147,0.7571401183391092,0,5953,0.463149657935976,0.474804160500654,0.4625747788579723,0.9902612324100349,0.463149657935976,0.001160785505202198,0.4608745183457797,0.46542479752617233,12,newey_west_hac_lag_12_for_overlapping_60m_targets,,,,,,,,,0.7494927923501657,,0.07467276406575302,10.0370302576479,72.86984608633409,72.86984608633409,-0.012726501764136255,0.9594222833562586,0.5390842877142347,0.0,,12,1.0,twelve_staggered_equal_capital_sleeves,ZERO_COST_ECONOMICS,V3_DIFFERENT_EVALUATION_WINDOWS,EXTREME_RANK_IC_REQUIRES_SCRUTINY;EXTREME_SHARPE_REQUIRES_SCRUTINY;ZERO_COST_WITH_NONZERO_TURNOVER;PROVISIONAL_RESULT,,True,True,True,False,True,False,NATIVE_OR_NONE,V3,,COMPLETE,COMPLETED_DIFFERENT_WINDOW,User completion authority plus recovered metrics override stale running state; evaluation window/runtime provenance remains labelled.,docs/dream_system/components/DS-24_independent_five_minute_selector/stage_outputs/ds24_p8_r14_e3g_c2_20260824T000000Z/r7_r14_policy_workers/mlp/metrics_only_v3_r37_mlp_direct_gen7/resolved_performance_summary_v3.json,dde5d615d4d4d22fa45b8c306af0010a34cbfa93ec86231b10b6a404fca47b97,A
random_forest,random_forest,8,DELL,DELL_OWNED,DELL_OWNED,COMPLETE_RECOVERED_BY_R53A,COMPLETED_RECOVERED,True,False,False,2016-12-27T21:00:00+00:00,2016-12-27T21:00:00+00:00,A,docs/dream_system/components/DS-24_independent_five_minute_selector/stage_outputs/ds24_p8_r14_e3g_c2_20260824T000000Z/r7_r14_policy_workers/random_forest/metrics_only_v3_r40_random_forest/resolved_performance_summary_v3.json,c9aaf84930286e69855245a0067b64822048340db49a51b42002812b7b655758,metrics_only_v3_r40_random_forest,DS24_RESOLVED_PERFORMANCE_V3_STAGGERED_SLEEVE_RANK_IC_CONTRACT,V3,c5d24ca5ba4182d6e9080a7ca98b0c32a054bffe77a56fd09052de516cae84bc,,DELL,False,False,,,2016-02-02T14:35:00+00:00,2016-12-27T20:00:00+00:00,329,156,15065,156,17813,0.7610202723691801,0,5909,0.5286732703738756,0.5289790560525168,0.5287237444438959,0.9992698307334882,0.5286732703738756,0.002703141359918076,0.5233751133084361,0.533971427439315,12,newey_west_hac_lag_12_for_overlapping_60m_targets,,,,,,,,,0.7851589922417882,,0.0638119335834967,12.304265803424098,0.6226473213662895,0.6226473213662895,-0.00044369245830433446,0.9743589743589743,0.5243866838825578,0.0,,12,1.0,twelve_staggered_equal_capital_sleeves,ZERO_COST_ECONOMICS,V3_DIFFERENT_EVALUATION_WINDOWS,EXTREME_RANK_IC_REQUIRES_SCRUTINY;EXTREME_SHARPE_REQUIRES_SCRUTINY;ZERO_COST_WITH_NONZERO_TURNOVER;PROVISIONAL_RESULT,,True,True,True,False,True,False,NATIVE_OR_NONE,V3,,COMPLETE,COMPLETED_DIFFERENT_WINDOW,User completion authority plus recovered metrics override stale running state; evaluation window/runtime provenance remains labelled.,docs/dream_system/components/DS-24_independent_five_minute_selector/stage_outputs/ds24_p8_r14_e3g_c2_20260824T000000Z/r7_r14_policy_workers/random_forest/metrics_only_v3_r40_random_forest/resolved_performance_summary_v3.json,c9aaf84930286e69855245a0067b64822048340db49a51b42002812b7b655758,A
extra_trees,extra_trees,9,DELL,DELL_OWNED,DELL_OWNED,COMPLETE_RECOVERED_BY_R53A,COMPLETED_RECOVERED,True,False,False,2018-08-15T20:00:00+00:00,2018-08-15T20:00:00+00:00,A,docs/dream_system/components/DS-24_independent_five_minute_selector/stage_outputs/ds24_p8_r14_e3g_c2_20260824T000000Z/r7_r14_policy_workers/extra_trees/metrics_only_v3_r40_extra_trees/resolved_performance_summary_v3.json,0fddc1354f6822ab3110b94552ee88adb5b61905890580994669b735da4a7ca6,metrics_only_v3_r40_extra_trees,DS24_RESOLVED_PERFORMANCE_V3_STAGGERED_SLEEVE_RANK_IC_CONTRACT,V3,c5d24ca5ba4182d6e9080a7ca98b0c32a054bffe77a56fd09052de516cae84bc,,DELL,False,False,,,2016-02-02T14:35:00+00:00,2018-08-15T19:00:00+00:00,925,414,42083,414,49763,0.7592526465443163,0,5967,0.47351314438817493,0.4757942112177953,0.4738210283728135,0.99888315947057,0.47351314438817493,0.001476965608399144,0.47061829179571263,0.47640799698063724,12,newey_west_hac_lag_12_for_overlapping_60m_targets,,,,,,,,,0.6554621874130663,,0.05668220102564811,11.56380972426382,1.9236533009253147,1.9236533009253147,-0.0004622999655572446,0.9758454106280193,0.4332546269316562,0.0,,12,1.0,twelve_staggered_equal_capital_sleeves,ZERO_COST_ECONOMICS,V3_DIFFERENT_EVALUATION_WINDOWS,EXTREME_RANK_IC_REQUIRES_SCRUTINY;EXTREME_SHARPE_REQUIRES_SCRUTINY;ZERO_COST_WITH_NONZERO_TURNOVER;PROVISIONAL_RESULT,,True,True,True,False,True,False,NATIVE_OR_NONE,V3,,COMPLETE,COMPLETED_DIFFERENT_WINDOW,User completion authority plus recovered metrics override stale running state; evaluation window/runtime provenance remains labelled.,docs/dream_system/components/DS-24_independent_five_minute_selector/stage_outputs/ds24_p8_r14_e3g_c2_20260824T000000Z/r7_r14_policy_workers/extra_trees/metrics_only_v3_r40_extra_trees/resolved_performance_summary_v3.json,0fddc1354f6822ab3110b94552ee88adb5b61905890580994669b735da4a7ca6,A
gradient_boosting,gradient_boosting,10,DELL,DELL_OWNED,DELL_OWNED,COMPLETE_RECOVERED_BY_R53A,COMPLETED_RECOVERED,True,False,False,2016-05-11T20:00:00+00:00,2016-05-11T20:00:00+00:00,D,docs/dream_system/components/DS-24_independent_five_minute_selector/stage_outputs/ds24_p8_r14_e3g_c1_20260823T000000Z/19_tabular_scale_results.csv,5c1378aba59a29ffd71efb53581720ce871950c28bfe8f60d45f531d5f86dd0a,docs/dream_system/components/DS-24_independent_five_minute_selector/stage_outputs/ds24_p8_r14_e3g_c1_20260823T000000Z,,,,,DELL,False,True,,,2019-01-01T00:00:00+00:00,2019-12-31T23:59:59+00:00,364,45,,45,126000,,,,0.5178199252,,,,,,,,,,,,,,,,,126000,,,,,,,,,,,,,,,COST_INFORMATION_ABSENT,V3_DIFFERENT_EVALUATION_WINDOWS,PROVISIONAL_RESULT;DIFFERENT_WINDOW_FROM_RANKING_FAMILIES,,False,,False,False,False,False,NATIVE_OR_NONE,LEGACY,,COMPLETE,COMPLETED_DIFFERENT_WINDOW,Historical tournament result ledger row recovered.,docs/dream_system/components/DS-24_independent_five_minute_selector/stage_outputs/ds24_p8_r14_e3g_c1_20260823T000000Z/19_tabular_scale_results.csv,5c1378aba59a29ffd71efb53581720ce871950c28bfe8f60d45f531d5f86dd0a,D
lightgbm_rank_xendcg,lightgbm_rank_xendcg,11,MAC,COMPLETE_IMPORTED,COMPLETE_IMPORTED,COMPLETE_RECOVERED_BY_R53A,COMPLETED_RECOVERED,True,False,False,,,C,mac_aux_runs/queue=DS24_MAC_AUX_NINE_FAMILY_R1/family=lightgbm_rank_xendcg/metrics_only_v3/resolved_performance_summary_v3.json,95d86023e1c50fe8b2599668d7d8f3313eff8ce178e16e2c425601296c8c1a7c,metrics_only_v3,,,,forward_return_60m__decision_5m,MAC,True,True,,,,,,,,,2262,,,,0.2506464517395151,,,,,,,,,,,,,,,,,45240,,,,,,,,,,,,,,,COST_INFORMATION_ABSENT,IMPORTED_RETAINED_OOF_DIFFERENT_WINDOW,IMPORTED_RESULT,,False,,False,False,False,False,IMPORTED,V3,,COMPLETE,ACCEPTED_IMPORTED_FINAL,Accepted imported Mac/XENDCG result authority.,mac_aux_runs/queue=DS24_MAC_AUX_NINE_FAMILY_R1/family=lightgbm_rank_xendcg/metrics_only_v3/resolved_performance_summary_v3.json,95d86023e1c50fe8b2599668d7d8f3313eff8ce178e16e2c425601296c8c1a7c,C
lightgbm_lambdarank,lightgbm_lambdarank,12,MAC,MAC_OWNED,MAC_RUNNING,COMPLETE_RECOVERED_BY_R53A,COMPLETED_RECOVERED,True,False,False,,,D,docs/dream_system/components/DS-24_independent_five_minute_selector/stage_outputs/ds24_p8_r14_e3g_c1_20260823T000000Z/23_ranking_scale_results.csv,18f673fa61da2d578ee3e40c281353b9b8e8961aeaaa2401955c6138ffa11f9d,docs/dream_system/components/DS-24_independent_five_minute_selector/stage_outputs/ds24_p8_r14_e3g_c1_20260823T000000Z,,,,,MAC,True,True,,,2019-01-01T00:00:00+00:00,2023-12-31T23:59:59+00:00,1825,,,,248079,,,,0.4541345599,,,,,,,,,,,,,,,,,248079,,,,,,,,,,,,,,,COST_INFORMATION_ABSENT,IMPORTED_RETAINED_OOF_DIFFERENT_WINDOW,IMPORTED_RESULT;MAC_AUTHORITY_NOT_LOCAL;DIFFERENT_WINDOW_FROM_RANKING_FAMILIES,,False,,False,False,False,False,IMPORTED,V3,,COMPLETE,ACCEPTED_IMPORTED_FINAL,Scientific Mac completion retained from local historical result evidence; Dell import may remain pending.,docs/dream_system/components/DS-24_independent_five_minute_selector/stage_outputs/ds24_p8_r14_e3g_c1_20260823T000000Z/23_ranking_scale_results.csv,18f673fa61da2d578ee3e40c281353b9b8e8961aeaaa2401955c6138ffa11f9d,D
DLinear,DLinear,13,MAC,MAC_OWNED,MAC_RUNNING,COMPLETE_RECOVERED_BY_R53A,COMPLETED_RECOVERED,True,False,False,,,D,docs/dream_system/components/DS-24_independent_five_minute_selector/stage_outputs/ds24_p8_r14_e3g_c1_20260823T000000Z/21_sequence_scale_results.csv,85943af6cf18e03c471ce1e9b8c2a9ef905c22b315ddb6ad7330721e89a51ba5,docs/dream_system/components/DS-24_independent_five_minute_selector/stage_outputs/ds24_p8_r14_e3g_c1_20260823T000000Z,,,,,DELL,False,True,,,2019-01-01T00:00:00+00:00,2024-12-31T23:59:59+00:00,2191,,,,11760,,,,0.3563171189,,,,,,,,,,,,,,,,,11760,,,,,,,,,,,,,,,COST_INFORMATION_ABSENT,V3_DIFFERENT_EVALUATION_WINDOWS,PROVISIONAL_RESULT;DIFFERENT_WINDOW_FROM_RANKING_FAMILIES,,,,False,False,False,False,NATIVE_OR_NONE,NO_RESULT,,COMPLETE,COMPLETED_DIFFERENT_WINDOW,Historical tournament result ledger row recovered.,docs/dream_system/components/DS-24_independent_five_minute_selector/stage_outputs/ds24_p8_r14_e3g_c1_20260823T000000Z/21_sequence_scale_results.csv,85943af6cf18e03c471ce1e9b8c2a9ef905c22b315ddb6ad7330721e89a51ba5,D
PatchTST,PatchTST,14,DELL,DELL_OWNED,DELL_OWNED,RUNNING_PROVISIONAL_RESULT,PROVISIONAL_RUNNING,False,True,False,,,D,docs/dream_system/components/DS-24_independent_five_minute_selector/stage_outputs/ds24_p8_r14_e3g_c1_20260823T000000Z/21_sequence_scale_results.csv,85943af6cf18e03c471ce1e9b8c2a9ef905c22b315ddb6ad7330721e89a51ba5,docs/dream_system/components/DS-24_independent_five_minute_selector/stage_outputs/ds24_p8_r14_e3g_c1_20260823T000000Z,DS24_RESOLVED_PERFORMANCE_V3_STAGGERED_SLEEVE_RANK_IC_CONTRACT,V3,c5d24ca5ba4182d6e9080a7ca98b0c32a054bffe77a56fd09052de516cae84bc,,DELL,False,True,,,2019-01-01T00:00:00+00:00,2024-12-31T23:59:59+00:00,2191,688,57539,688,11760,0.9029190509255942,0,5880,0.3240738675,0.3198681594882095,0.3048495298560202,0.9730269903891273,0.3058493365593887,0.0014907838567929166,0.3029274002000746,0.30877127291870277,12,newey_west_hac_lag_12_for_overlapping_60m_targets,,,,,,,,11760,0.6866413698209595,,0.06088092458906954,11.27843202867911,5.469567058408811,5.469567058408811,-0.0037264054989195605,0.940406976744186,0.5647573456586334,0.0,,12,1.0,twelve_staggered_equal_capital_sleeves,ZERO_COST_ECONOMICS,PROVISIONAL_NOT_FINAL,EXTREME_SHARPE_REQUIRES_SCRUTINY;ZERO_COST_WITH_NONZERO_TURNOVER;PROVISIONAL_RESULT;DIFFERENT_WINDOW_FROM_RANKING_FAMILIES,,True,True,True,False,True,False,NATIVE_OR_NONE,V3,,OPEN,UNFINISHED,Known unfinished R53A family; not included in completed leaderboards.,docs/dream_system/components/DS-24_independent_five_minute_selector/stage_outputs/ds24_p8_r14_e3g_c1_20260823T000000Z/21_sequence_scale_results.csv,85943af6cf18e03c471ce1e9b8c2a9ef905c22b315ddb6ad7330721e89a51ba5,D
Transformer,Transformer,15,DELL,DELL_OWNED,DELL_OWNED,RUNNING_PROVISIONAL_RESULT,PROVISIONAL_RUNNING,False,True,False,,,D,docs/dream_system/components/DS-24_independent_five_minute_selector/stage_outputs/ds24_p8_r14_e3g_c1_20260823T000000Z/21_sequence_scale_results.csv,85943af6cf18e03c471ce1e9b8c2a9ef905c22b315ddb6ad7330721e89a51ba5,docs/dream_system/components/DS-24_independent_five_minute_selector/stage_outputs/ds24_p8_r14_e3g_c1_20260823T000000Z,DS24_RESOLVED_PERFORMANCE_V3_STAGGERED_SLEEVE_RANK_IC_CONTRACT,V3,c5d24ca5ba4182d6e9080a7ca98b0c32a054bffe77a56fd09052de516cae84bc,,DELL,False,True,,,2019-01-01T00:00:00+00:00,2024-12-31T23:59:59+00:00,2191,529,48203,529,11760,0.9018478303456187,0,5910,0.389877035,0.45522462837827354,0.4514743295075826,0.9981743874862561,0.45275769123399867,0.0015388638537678443,0.4497415180806137,0.45577386438738365,12,newey_west_hac_lag_12_for_overlapping_60m_targets,,,,,,,,11760,0.7782630035643382,,0.06850407770583969,11.360827408059455,4.085403918328429,4.085403918328429,-0.0036901500815404997,0.9716446124763705,0.6112952400705177,0.0,,12,1.0,twelve_staggered_equal_capital_sleeves,ZERO_COST_ECONOMICS,PROVISIONAL_NOT_FINAL,EXTREME_RANK_IC_REQUIRES_SCRUTINY;EXTREME_SHARPE_REQUIRES_SCRUTINY;ZERO_COST_WITH_NONZERO_TURNOVER;PROVISIONAL_RESULT;DIFFERENT_WINDOW_FROM_RANKING_FAMILIES,,True,True,True,False,True,False,NATIVE_OR_NONE,V3,,OPEN,UNFINISHED,Known unfinished R53A family; not included in completed leaderboards.,docs/dream_system/components/DS-24_independent_five_minute_selector/stage_outputs/ds24_p8_r14_e3g_c1_20260823T000000Z/21_sequence_scale_results.csv,85943af6cf18e03c471ce1e9b8c2a9ef905c22b315ddb6ad7330721e89a51ba5,D
iTransformer,iTransformer,16,DELL,DELL_OWNED,DELL_OWNED,READY_NOT_STARTED,NOT_STARTED,False,False,False,,,D,docs/dream_system/components/DS-24_independent_five_minute_selector/stage_outputs/ds24_p8_r14_e3g_c1_20260823T000000Z/21_sequence_scale_results.csv,85943af6cf18e03c471ce1e9b8c2a9ef905c22b315ddb6ad7330721e89a51ba5,docs/dream_system/components/DS-24_independent_five_minute_selector/stage_outputs/ds24_p8_r14_e3g_c1_20260823T000000Z,,,,,DELL,False,True,,,2019-01-01T00:00:00+00:00,2024-12-31T23:59:59+00:00,2191,,,,11760,,,,0.0354476028,,,,,,,,,,,,,,,,,11760,,,,,,,,,,,,,,,NOT_APPLICABLE,PROVISIONAL_NOT_FINAL,DIFFERENT_WINDOW_FROM_RANKING_FAMILIES,,,,False,False,False,False,NATIVE_OR_NONE,NO_RESULT,,OPEN,UNFINISHED,Known unfinished R53A family; not included in completed leaderboards.,docs/dream_system/components/DS-24_independent_five_minute_selector/stage_outputs/ds24_p8_r14_e3g_c1_20260823T000000Z/21_sequence_scale_results.csv,85943af6cf18e03c471ce1e9b8c2a9ef905c22b315ddb6ad7330721e89a51ba5,D
Momentum Transformer,Momentum Transformer,17,DELL,DELL_OWNED,DELL_OWNED,READY_NOT_STARTED,NOT_STARTED,False,False,False,,,D,docs/dream_system/components/DS-24_independent_five_minute_selector/stage_outputs/ds24_p8_r14_e3g_c1_20260823T000000Z/21_sequence_scale_results.csv,85943af6cf18e03c471ce1e9b8c2a9ef905c22b315ddb6ad7330721e89a51ba5,docs/dream_system/components/DS-24_independent_five_minute_selector/stage_outputs/ds24_p8_r14_e3g_c1_20260823T000000Z,,,,,DELL,False,True,,,2019-01-01T00:00:00+00:00,2024-12-31T23:59:59+00:00,2191,,,,11760,,,,0.3380695786,,,,,,,,,,,,,,,,,11760,,,,,,,,,,,,,,,NOT_APPLICABLE,PROVISIONAL_NOT_FINAL,DIFFERENT_WINDOW_FROM_RANKING_FAMILIES,,,,False,False,False,False,NATIVE_OR_NONE,NO_RESULT,,OPEN,UNFINISHED,Known unfinished R53A family; not included in completed leaderboards.,docs/dream_system/components/DS-24_independent_five_minute_selector/stage_outputs/ds24_p8_r14_e3g_c1_20260823T000000Z/21_sequence_scale_results.csv,85943af6cf18e03c471ce1e9b8c2a9ef905c22b315ddb6ad7330721e89a51ba5,D
Market Context Encoder,Market Context Encoder,18,DELL,DELL_OWNED,DELL_OWNED,READY_NOT_STARTED,NOT_STARTED,False,False,False,,,D,docs/dream_system/components/DS-24_independent_five_minute_selector/stage_outputs/ds24_p8_r14_e3g_c1_20260823T000000Z/21_sequence_scale_results.csv,85943af6cf18e03c471ce1e9b8c2a9ef905c22b315ddb6ad7330721e89a51ba5,docs/dream_system/components/DS-24_independent_five_minute_selector/stage_outputs/ds24_p8_r14_e3g_c1_20260823T000000Z,,,,,DELL,False,True,,,2019-01-01T00:00:00+00:00,2024-12-31T23:59:59+00:00,2191,,,,11760,,,,0.3300273232,,,,,,,,,,,,,,,,,11760,,,,,,,,,,,,,,,NOT_APPLICABLE,PROVISIONAL_NOT_FINAL,DIFFERENT_WINDOW_FROM_RANKING_FAMILIES,,,,False,False,False,False,NATIVE_OR_NONE,NO_RESULT,,OPEN,UNFINISHED,Known unfinished R53A family; not included in completed leaderboards.,docs/dream_system/components/DS-24_independent_five_minute_selector/stage_outputs/ds24_p8_r14_e3g_c1_20260823T000000Z/21_sequence_scale_results.csv,85943af6cf18e03c471ce1e9b8c2a9ef905c22b315ddb6ad7330721e89a51ba5,D
Temporal Fusion Transformer,Temporal Fusion Transformer,19,UNASSIGNED,UNASSIGNED,UNASSIGNED,COMPLETE_RECOVERED_BY_R53A,COMPLETED_RECOVERED,True,False,False,,,D,docs/dream_system/components/DS-24_independent_five_minute_selector/stage_outputs/ds24_p8_r14_e3g_c1_20260823T000000Z/21_sequence_scale_results.csv,85943af6cf18e03c471ce1e9b8c2a9ef905c22b315ddb6ad7330721e89a51ba5,docs/dream_system/components/DS-24_independent_five_minute_selector/stage_outputs/ds24_p8_r14_e3g_c1_20260823T000000Z,,,,,DELL,False,True,,,2019-01-01T00:00:00+00:00,2024-12-31T23:59:59+00:00,2191,,,,11760,,,,0.3413081109,,,,,,,,,,,,,,,,,11760,,,,,,,,,,,,,,,COST_INFORMATION_ABSENT,V3_DIFFERENT_EVALUATION_WINDOWS,CONFIGURATION_BLOCKED;DIFFERENT_WINDOW_FROM_RANKING_FAMILIES,,,,False,False,False,False,NATIVE_OR_NONE,NO_RESULT,,COMPLETE,COMPLETED_DIFFERENT_WINDOW,Historical tournament result ledger row recovered.,docs/dream_system/components/DS-24_independent_five_minute_selector/stage_outputs/ds24_p8_r14_e3g_c1_20260823T000000Z/21_sequence_scale_results.csv,85943af6cf18e03c471ce1e9b8c2a9ef905c22b315ddb6ad7330721e89a51ba5,D
