rank,family,mean_spearman_rank_ic,sharpe,annualized_return,maximum_drawdown,win_rate,ndcg,first_resolved_decision_timestamp,last_resolved_decision_timestamp,economic_cost_classification,source_host,current_scientific_acceptance,comparability_classification
1,random_forest,0.5286732703738756,12.304265803424098,0.7851589922417882,-0.00044369245830433446,0.9743589743589743,,2016-02-02T14:35:00+00:00,2016-12-27T20:00:00+00:00,ZERO_COST_ECONOMICS,DELL,COMPLETED_DIFFERENT_WINDOW,V3_DIFFERENT_EVALUATION_WINDOWS
2,gradient_boosting,0.5178199252,,,,,,2019-01-01T00:00:00+00:00,2019-12-31T23:59:59+00:00,COST_INFORMATION_ABSENT,DELL,COMPLETED_DIFFERENT_WINDOW,V3_DIFFERENT_EVALUATION_WINDOWS
3,huber,0.5023150228928017,9.17839749588992,0.9964717113372477,-0.010197421011264862,0.9738527214514408,,2016-02-02T14:35:00+00:00,2026-06-30T19:00:00+00:00,ZERO_COST_ECONOMICS,DELL,COMPLETED_ZERO_COST_ONLY,DIRECTLY_COMPARABLE_V3_COMMON_WINDOW
4,extra_trees,0.47351314438817493,11.56380972426382,0.6554621874130663,-0.0004622999655572446,0.9758454106280193,,2016-02-02T14:35:00+00:00,2018-08-15T19:00:00+00:00,ZERO_COST_ECONOMICS,DELL,COMPLETED_DIFFERENT_WINDOW,V3_DIFFERENT_EVALUATION_WINDOWS
5,ridge_policy_v1_control,0.4731917278,23.081708168833632,2.0572673227986673,-0.010945719316595603,0.9122556032427277,,2019-01-01T00:00:00+00:00,2023-12-31T23:59:59+00:00,ZERO_COST_ECONOMICS,DELL,QUARANTINED_AFTER_COMPLETION,LEGACY_NOT_DIRECTLY_COMPARABLE
6,elastic_net,0.4632185165883415,8.160399720183758,1.4983844449054737,-0.0009051097625262239,0.9743589743589743,,2025-04-02T13:35:00+00:00,2026-06-30T19:00:00+00:00,ZERO_COST_ECONOMICS,DELL,COMPLETED_DIFFERENT_WINDOW,V3_DIFFERENT_EVALUATION_WINDOWS
7,mlp,0.463149657935976,10.0370302576479,0.7494927923501657,-0.012726501764136255,0.9594222833562586,,2016-02-02T14:35:00+00:00,2024-05-16T19:00:00+00:00,ZERO_COST_ECONOMICS,DELL,COMPLETED_DIFFERENT_WINDOW,V3_DIFFERENT_EVALUATION_WINDOWS
8,lightgbm_lambdarank,0.4541345599,,,,,,2019-01-01T00:00:00+00:00,2023-12-31T23:59:59+00:00,COST_INFORMATION_ABSENT,MAC,ACCEPTED_IMPORTED_FINAL,IMPORTED_RETAINED_OOF_DIFFERENT_WINDOW
9,DLinear,0.3563171189,,,,,,2019-01-01T00:00:00+00:00,2024-12-31T23:59:59+00:00,COST_INFORMATION_ABSENT,DELL,COMPLETED_DIFFERENT_WINDOW,V3_DIFFERENT_EVALUATION_WINDOWS
10,Temporal Fusion Transformer,0.3413081109,,,,,,2019-01-01T00:00:00+00:00,2024-12-31T23:59:59+00:00,COST_INFORMATION_ABSENT,DELL,COMPLETED_DIFFERENT_WINDOW,V3_DIFFERENT_EVALUATION_WINDOWS
11,lightgbm_rank_xendcg,0.2506464517395151,,,,,,,,COST_INFORMATION_ABSENT,MAC,ACCEPTED_IMPORTED_FINAL,IMPORTED_RETAINED_OOF_DIFFERENT_WINDOW
12,rff_ridge,0.03431086029850828,1.720283881180856,0.052542661888421924,-0.03629523046963268,0.6176129779837776,,2016-02-02T14:35:00+00:00,2026-06-30T19:00:00+00:00,ZERO_COST_ECONOMICS,DELL,COMPLETED_ZERO_COST_ONLY,DIRECTLY_COMPARABLE_V3_COMMON_WINDOW
