Rank,Model,Rank IC,HAC CI,Sharpe,Annual Return,Max Drawdown,Win Rate,NDCG,Evaluation Start,Evaluation End,Cost Assumption,Host,Scientific Status
1,random_forest,0.5286732703738756,"[0.5233751133084361, 0.533971427439315]",12.304265803424098,0.7851589922417882,-0.00044369245830433446,0.9743589743589743,,2016-02-02T14:35:00+00:00,2016-12-27T20:00:00+00:00,ZERO_COST_ECONOMICS,DELL,COMPLETED_DIFFERENT_WINDOW
2,gradient_boosting,0.5178199252,,,,,,,2019-01-01T00:00:00+00:00,2019-12-31T23:59:59+00:00,COST_INFORMATION_ABSENT,DELL,COMPLETED_DIFFERENT_WINDOW
3,huber,0.5023150228928017,"[0.5006995950985389, 0.5039304506870645]",9.17839749588992,0.9964717113372477,-0.010197421011264862,0.9738527214514408,,2016-02-02T14:35:00+00:00,2026-06-30T19:00:00+00:00,ZERO_COST_ECONOMICS,DELL,COMPLETED_ZERO_COST_ONLY
4,extra_trees,0.47351314438817493,"[0.47061829179571263, 0.47640799698063724]",11.56380972426382,0.6554621874130663,-0.0004622999655572446,0.9758454106280193,,2016-02-02T14:35:00+00:00,2018-08-15T19:00:00+00:00,ZERO_COST_ECONOMICS,DELL,COMPLETED_DIFFERENT_WINDOW
5,ridge_policy_v1_control,0.4731917278,,23.081708168833632,2.0572673227986673,-0.010945719316595603,0.9122556032427277,,2019-01-01T00:00:00+00:00,2023-12-31T23:59:59+00:00,ZERO_COST_ECONOMICS,DELL,QUARANTINED_AFTER_COMPLETION
6,elastic_net,0.4632185165883415,"[0.4581371813856948, 0.4682998517909882]",8.160399720183758,1.4983844449054737,-0.0009051097625262239,0.9743589743589743,,2025-04-02T13:35:00+00:00,2026-06-30T19:00:00+00:00,ZERO_COST_ECONOMICS,DELL,COMPLETED_DIFFERENT_WINDOW
7,mlp,0.463149657935976,"[0.4608745183457797, 0.46542479752617233]",10.0370302576479,0.7494927923501657,-0.012726501764136255,0.9594222833562586,,2016-02-02T14:35:00+00:00,2024-05-16T19:00:00+00:00,ZERO_COST_ECONOMICS,DELL,COMPLETED_DIFFERENT_WINDOW
8,lightgbm_lambdarank,0.4541345599,,,,,,,2019-01-01T00:00:00+00:00,2023-12-31T23:59:59+00:00,COST_INFORMATION_ABSENT,MAC,ACCEPTED_IMPORTED_FINAL
9,DLinear,0.3563171189,,,,,,,2019-01-01T00:00:00+00:00,2024-12-31T23:59:59+00:00,COST_INFORMATION_ABSENT,DELL,COMPLETED_DIFFERENT_WINDOW
10,Temporal Fusion Transformer,0.3413081109,,,,,,,2019-01-01T00:00:00+00:00,2024-12-31T23:59:59+00:00,COST_INFORMATION_ABSENT,DELL,COMPLETED_DIFFERENT_WINDOW
11,lightgbm_rank_xendcg,0.2506464517395151,,,,,,,,,COST_INFORMATION_ABSENT,MAC,ACCEPTED_IMPORTED_FINAL
12,rff_ridge,0.03431086029850828,"[0.03353270317388391, 0.03508901742313265]",1.720283881180856,0.052542661888421924,-0.03629523046963268,0.6176129779837776,,2016-02-02T14:35:00+00:00,2026-06-30T19:00:00+00:00,ZERO_COST_ECONOMICS,DELL,COMPLETED_ZERO_COST_ONLY
13,pca_ridge_policy_v1_control,,,20.216411684188504,2.0349353801547028,-0.01149796825103322,0.9008409689971131,,2020-05-11T18:50:00+00:00,2026-06-30T19:00:00+00:00,ZERO_COST_ECONOMICS,DELL,QUARANTINED_AFTER_COMPLETION
14,spline_additive_ridge,,,1.2546147209660041,0.09568501626986059,-0.05381530962317005,0.5436283741368487,,2025-04-02T14:20:00+00:00,2026-06-29T15:35:00+00:00,ZERO_COST_ECONOMICS,DELL,QUARANTINED_AFTER_COMPLETION
