family,production_host,current_owner,completion_host,dell_import_state,final_result_locally_accessible,local_authority_path,source_authority_path,duplicate_compute_risk,notes
ridge_policy_v1_control,DELL,UNASSIGNED,,NATIVE_OR_NOT_APPLICABLE,False,docs/dream_system/components/DS-24_independent_five_minute_selector/stage_outputs/ds24_p8_r14_e3g_c2_20260824T000000Z/r7_r14_policy_workers/ridge_policy_v1_control/r31_performance_summary.json,docs/dream_system/components/DS-24_independent_five_minute_selector/stage_outputs/ds24_p8_r14_e3g_c2_20260824T000000Z/r7_r14_policy_workers/ridge_policy_v1_control/r31_performance_summary.json,,COMPLETE_LEGACY_RESULT_LIMITED
pca_ridge_policy_v1_control,DELL,UNASSIGNED,,NATIVE_OR_NOT_APPLICABLE,False,docs/dream_system/components/DS-24_independent_five_minute_selector/stage_outputs/ds24_p8_r14_e3g_c2_20260824T000000Z/r7_r14_policy_workers/pca_ridge_policy_v1_control/r31_performance_summary.json,docs/dream_system/components/DS-24_independent_five_minute_selector/stage_outputs/ds24_p8_r14_e3g_c2_20260824T000000Z/r7_r14_policy_workers/pca_ridge_policy_v1_control/r31_performance_summary.json,,COMPLETE_LEGACY_RESULT_LIMITED
spline_additive_ridge,DELL,UNASSIGNED,,NATIVE_OR_NOT_APPLICABLE,False,docs/dream_system/components/DS-24_independent_five_minute_selector/stage_outputs/ds24_p8_r14_e3g_c2_20260824T000000Z/r7_r14_policy_workers/spline_additive_ridge/r31_performance_summary.json,docs/dream_system/components/DS-24_independent_five_minute_selector/stage_outputs/ds24_p8_r14_e3g_c2_20260824T000000Z/r7_r14_policy_workers/spline_additive_ridge/r31_performance_summary.json,,COMPLETE_LEGACY_RESULT_LIMITED
elastic_net,DELL,DELL_OWNED,DELL,NATIVE_OR_NOT_APPLICABLE,True,docs/dream_system/components/DS-24_independent_five_minute_selector/stage_outputs/ds24_p8_r14_e3g_c2_20260824T000000Z/r7_r14_policy_workers/elastic_net/metrics_only_v3_r40_elastic_net/resolved_performance_summary_v3.json,docs/dream_system/components/DS-24_independent_five_minute_selector/stage_outputs/ds24_p8_r14_e3g_c2_20260824T000000Z/r7_r14_policy_workers/elastic_net/metrics_only_v3_r40_elastic_net/resolved_performance_summary_v3.json,,COMPLETE_FINAL_RESULT_AVAILABLE
rff_ridge,DELL,UNASSIGNED,DELL,NATIVE_OR_NOT_APPLICABLE,True,docs/dream_system/components/DS-24_independent_five_minute_selector/stage_outputs/ds24_p8_r14_e3g_c2_20260824T000000Z/r7_r14_policy_workers/rff_ridge/metrics_only_v3_r37_rff_retry/resolved_performance_summary_v3.json,docs/dream_system/components/DS-24_independent_five_minute_selector/stage_outputs/ds24_p8_r14_e3g_c2_20260824T000000Z/r7_r14_policy_workers/rff_ridge/metrics_only_v3_r37_rff_retry/resolved_performance_summary_v3.json,,COMPLETE_FINAL_RESULT_AVAILABLE
huber,DELL,UNASSIGNED,DELL,NATIVE_OR_NOT_APPLICABLE,True,docs/dream_system/components/DS-24_independent_five_minute_selector/stage_outputs/ds24_p8_r14_e3g_c2_20260824T000000Z/r7_r14_policy_workers/huber/metrics_only_v3_r37_huber_replay/resolved_performance_summary_v3.json,docs/dream_system/components/DS-24_independent_five_minute_selector/stage_outputs/ds24_p8_r14_e3g_c2_20260824T000000Z/r7_r14_policy_workers/huber/metrics_only_v3_r37_huber_replay/resolved_performance_summary_v3.json,,COMPLETE_FINAL_RESULT_AVAILABLE
mlp,DELL,DELL_OWNED,,NATIVE_OR_NOT_APPLICABLE,False,docs/dream_system/components/DS-24_independent_five_minute_selector/stage_outputs/ds24_p8_r14_e3g_c2_20260824T000000Z/r7_r14_policy_workers/mlp/metrics_only_v3_r37_mlp_direct_gen7/resolved_performance_summary_v3.json,docs/dream_system/components/DS-24_independent_five_minute_selector/stage_outputs/ds24_p8_r14_e3g_c2_20260824T000000Z/r7_r14_policy_workers/mlp/metrics_only_v3_r37_mlp_direct_gen7/resolved_performance_summary_v3.json,,RUNNING_PROVISIONAL_RESULT
random_forest,DELL,DELL_OWNED,,NATIVE_OR_NOT_APPLICABLE,False,docs/dream_system/components/DS-24_independent_five_minute_selector/stage_outputs/ds24_p8_r14_e3g_c2_20260824T000000Z/r7_r14_policy_workers/random_forest/metrics_only_v3_r40_random_forest/resolved_performance_summary_v3.json,docs/dream_system/components/DS-24_independent_five_minute_selector/stage_outputs/ds24_p8_r14_e3g_c2_20260824T000000Z/r7_r14_policy_workers/random_forest/metrics_only_v3_r40_random_forest/resolved_performance_summary_v3.json,,RUNNING_PROVISIONAL_RESULT
extra_trees,DELL,DELL_OWNED,,NATIVE_OR_NOT_APPLICABLE,False,docs/dream_system/components/DS-24_independent_five_minute_selector/stage_outputs/ds24_p8_r14_e3g_c2_20260824T000000Z/r7_r14_policy_workers/extra_trees/metrics_only_v3_r40_extra_trees/resolved_performance_summary_v3.json,docs/dream_system/components/DS-24_independent_five_minute_selector/stage_outputs/ds24_p8_r14_e3g_c2_20260824T000000Z/r7_r14_policy_workers/extra_trees/metrics_only_v3_r40_extra_trees/resolved_performance_summary_v3.json,,RUNNING_PROVISIONAL_RESULT
gradient_boosting,DELL,DELL_OWNED,,NATIVE_OR_NOT_APPLICABLE,False,docs/dream_system/components/DS-24_independent_five_minute_selector/stage_outputs/ds24_p8_r14_e3g_c2_20260824T000000Z/r7_r14_policy_workers/gradient_boosting/progress.json,docs/dream_system/components/DS-24_independent_five_minute_selector/stage_outputs/ds24_p8_r14_e3g_c2_20260824T000000Z/r7_r14_policy_workers/gradient_boosting/progress.json,,RUNNING_PROVISIONAL_RESULT
lightgbm_rank_xendcg,MAC,COMPLETE_IMPORTED,MAC,IMPORTED,True,mac_aux_runs/queue=DS24_MAC_AUX_NINE_FAMILY_R1/family=lightgbm_rank_xendcg/metrics_only_v3/resolved_performance_summary_v3.json,mac_aux_runs/queue=DS24_MAC_AUX_NINE_FAMILY_R1/family=lightgbm_rank_xendcg/metrics_only_v3/resolved_performance_summary_v3.json,FORBIDDEN_FOR_MAC_OWNED_FAMILY,COMPLETE_IMPORTED_RESULT_AVAILABLE
lightgbm_lambdarank,MAC,MAC_OWNED,,MISSING_TRANSFER,False,docs/dream_system/components/DS-24_independent_five_minute_selector/stage_outputs/ds24_p8_r14_e3g_c2_20260824T000000Z/R51_lambdarank_import_result.json,docs/dream_system/components/DS-24_independent_five_minute_selector/stage_outputs/ds24_p8_r14_e3g_c2_20260824T000000Z/R51_lambdarank_import_result.json,FORBIDDEN_FOR_MAC_OWNED_FAMILY,EXTERNAL_MAC_RESULT_NOT_LOCALLY_AVAILABLE
DLinear,MAC,MAC_OWNED,,NATIVE_OR_NOT_APPLICABLE,False,,,FORBIDDEN_FOR_MAC_OWNED_FAMILY,RUNNING_PROVISIONAL_RESULT
PatchTST,DELL,DELL_OWNED,,NATIVE_OR_NOT_APPLICABLE,False,docs/dream_system/components/DS-24_independent_five_minute_selector/stage_outputs/ds24_p8_r14_e3g_c2_20260824T000000Z/r7_r14_policy_workers/PatchTST/metrics_only_v3_r40_patchtst/resolved_performance_summary_v3.json,docs/dream_system/components/DS-24_independent_five_minute_selector/stage_outputs/ds24_p8_r14_e3g_c2_20260824T000000Z/r7_r14_policy_workers/PatchTST/metrics_only_v3_r40_patchtst/resolved_performance_summary_v3.json,,RUNNING_PROVISIONAL_RESULT
Transformer,DELL,DELL_OWNED,,NATIVE_OR_NOT_APPLICABLE,False,docs/dream_system/components/DS-24_independent_five_minute_selector/stage_outputs/ds24_p8_r14_e3g_c2_20260824T000000Z/r7_r14_policy_workers/Transformer/metrics_only_v3_r40_transformer/resolved_performance_summary_v3.json,docs/dream_system/components/DS-24_independent_five_minute_selector/stage_outputs/ds24_p8_r14_e3g_c2_20260824T000000Z/r7_r14_policy_workers/Transformer/metrics_only_v3_r40_transformer/resolved_performance_summary_v3.json,,RUNNING_PROVISIONAL_RESULT
iTransformer,DELL,DELL_OWNED,,NATIVE_OR_NOT_APPLICABLE,False,,,,READY_NOT_STARTED
Momentum Transformer,DELL,DELL_OWNED,,NATIVE_OR_NOT_APPLICABLE,False,,,,READY_NOT_STARTED
Market Context Encoder,DELL,DELL_OWNED,,NATIVE_OR_NOT_APPLICABLE,False,,,,READY_NOT_STARTED
Temporal Fusion Transformer,UNASSIGNED,UNASSIGNED,,NATIVE_OR_NOT_APPLICABLE,False,,,,CONFIGURATION_AUTHORITY_REQUIRED
